dataset_id,split_family,comparison_family,metric,policy_a,policy_b,unit_cols,n_units,estimate,ci_low,ci_high,p_value,holm_reject_0_05,p_value_rank
cemhsey,cemhsey_forward_day_logo,vs_user_only,active_macro_f1,agency_margin_tau_0.02,user_only,split_id|subject_id|session|day,130,0.011414746549247864,0.009420222868966608,0.013405580869192543,0.0004997501249375312,True,1
cemhsey,cemhsey_forward_day_logo,vs_user_only,active_macro_f1,agency_margin_tau_0.05,user_only,split_id|subject_id|session|day,130,0.02681097043895504,0.023142458512692015,0.030321325152781086,0.0004997501249375312,True,2
cemhsey,cemhsey_forward_day_logo,vs_user_only,active_macro_f1,agency_margin_tau_0.10,user_only,split_id|subject_id|session|day,130,0.04984305629392542,0.04409441891791066,0.055165714015645365,0.0004997501249375312,True,3
cemhsey,cemhsey_forward_day_logo,vs_user_only,active_macro_f1,agency_margin_tau_0.15,user_only,split_id|subject_id|session|day,130,0.06339040778024685,0.056205169694173766,0.07019683026226978,0.0004997501249375312,True,4
cemhsey,cemhsey_forward_day_logo,vs_user_only,active_macro_f1,agency_margin_tau_0.20,user_only,split_id|subject_id|session|day,130,0.07269397927580236,0.06481457204378084,0.08052527348370353,0.0004997501249375312,True,5
cemhsey,cemhsey_forward_day_logo,vs_user_only,active_risk_coverage_auc,agency_margin_tau_0.02,user_only,split_id|subject_id|session|day,130,-0.0164711937389051,-0.020319835478440886,-0.012558341267159871,0.0004997501249375312,True,1
cemhsey,cemhsey_forward_day_logo,vs_user_only,active_risk_coverage_auc,agency_margin_tau_0.05,user_only,split_id|subject_id|session|day,130,-0.020157878211929433,-0.02437206392787603,-0.015715788647305263,0.0004997501249375312,True,2
cemhsey,cemhsey_forward_day_logo,vs_user_only,active_risk_coverage_auc,agency_margin_tau_0.10,user_only,split_id|subject_id|session|day,130,-0.024467957169465804,-0.02956476584974984,-0.019194490094069143,0.0004997501249375312,True,3
cemhsey,cemhsey_forward_day_logo,vs_user_only,active_risk_coverage_auc,agency_margin_tau_0.15,user_only,split_id|subject_id|session|day,130,-0.02645992642434425,-0.03207545355689618,-0.020462200444104923,0.0004997501249375312,True,4
cemhsey,cemhsey_forward_day_logo,vs_user_only,active_risk_coverage_auc,agency_margin_tau_0.20,user_only,split_id|subject_id|session|day,130,-0.02754093356390503,-0.03363767452999877,-0.02105332299635841,0.0004997501249375312,True,5
cemhsey,cemhsey_forward_day_logo,vs_user_only,balanced_accuracy,agency_margin_tau_0.02,user_only,split_id|subject_id|session|day,130,0.012179487179487176,0.0103021978021978,0.0141025641025641,0.0004997501249375312,True,1
cemhsey,cemhsey_forward_day_logo,vs_user_only,balanced_accuracy,agency_margin_tau_0.05,user_only,split_id|subject_id|session|day,130,0.02774725274725275,0.024220467032967024,0.03122710622710623,0.0004997501249375312,True,2
cemhsey,cemhsey_forward_day_logo,vs_user_only,balanced_accuracy,agency_margin_tau_0.10,user_only,split_id|subject_id|session|day,130,0.05151098901098901,0.04592376373626374,0.056776556776556776,0.0004997501249375312,True,3
cemhsey,cemhsey_forward_day_logo,vs_user_only,balanced_accuracy,agency_margin_tau_0.15,user_only,split_id|subject_id|session|day,130,0.06570512820512821,0.05865270146520147,0.07248168498168497,0.0004997501249375312,True,4
cemhsey,cemhsey_forward_day_logo,vs_user_only,balanced_accuracy,agency_margin_tau_0.20,user_only,split_id|subject_id|session|day,130,0.07527472527472527,0.0673076923076923,0.0830128205128205,0.0004997501249375312,True,5
cemhsey,cemhsey_forward_day_logo,vs_user_only,ece,agency_margin_tau_0.02,user_only,split_id|subject_id|session|day,130,0.00019111927702035906,-0.013196771627534803,0.014048865217273585,0.9805097451274363,False,5
cemhsey,cemhsey_forward_day_logo,vs_user_only,ece,agency_margin_tau_0.05,user_only,split_id|subject_id|session|day,130,-0.008609661044725608,-0.02115533486164831,0.004096780275461597,0.16141929035482258,False,3
cemhsey,cemhsey_forward_day_logo,vs_user_only,ece,agency_margin_tau_0.10,user_only,split_id|subject_id|session|day,130,-0.014286101437175678,-0.02552567823207373,-0.00300346963270015,0.01199400299850075,True,2
cemhsey,cemhsey_forward_day_logo,vs_user_only,ece,agency_margin_tau_0.15,user_only,split_id|subject_id|session|day,130,-0.012069829732288402,-0.021318863168228376,-0.0027908617383419062,0.009995002498750625,True,1
cemhsey,cemhsey_forward_day_logo,vs_user_only,ece,agency_margin_tau_0.20,user_only,split_id|subject_id|session|day,130,-0.003396110852784879,-0.011592696938143793,0.004813511994328116,0.3778110944527736,False,4
cemhsey,cemhsey_forward_day_logo,vs_user_only,macro_f1,agency_margin_tau_0.02,user_only,split_id|subject_id|session|day,130,0.011414746549247864,0.009420222868966608,0.013405580869192543,0.0004997501249375312,True,1
cemhsey,cemhsey_forward_day_logo,vs_user_only,macro_f1,agency_margin_tau_0.05,user_only,split_id|subject_id|session|day,130,0.02681097043895504,0.023142458512692015,0.030321325152781086,0.0004997501249375312,True,2
cemhsey,cemhsey_forward_day_logo,vs_user_only,macro_f1,agency_margin_tau_0.10,user_only,split_id|subject_id|session|day,130,0.04984305629392542,0.04409441891791066,0.055165714015645365,0.0004997501249375312,True,3
cemhsey,cemhsey_forward_day_logo,vs_user_only,macro_f1,agency_margin_tau_0.15,user_only,split_id|subject_id|session|day,130,0.06339040778024685,0.056205169694173766,0.07019683026226978,0.0004997501249375312,True,4
cemhsey,cemhsey_forward_day_logo,vs_user_only,macro_f1,agency_margin_tau_0.20,user_only,split_id|subject_id|session|day,130,0.07269397927580236,0.06481457204378084,0.08052527348370353,0.0004997501249375312,True,5
cemhsey,cemhsey_forward_day_logo,vs_user_only,mean_ali,agency_margin_tau_0.02,user_only,split_id|subject_id|session|day,130,0.00030307302003367573,0.00027114913944707605,0.00033315553583358645,0.0004997501249375312,True,1
cemhsey,cemhsey_forward_day_logo,vs_user_only,mean_ali,agency_margin_tau_0.05,user_only,split_id|subject_id|session|day,130,0.001767660998855409,0.0016371048664362761,0.0018958030727802616,0.0004997501249375312,True,2
cemhsey,cemhsey_forward_day_logo,vs_user_only,mean_ali,agency_margin_tau_0.10,user_only,split_id|subject_id|session|day,130,0.006055863885176522,0.005643748355881006,0.006445665621001039,0.0004997501249375312,True,3
cemhsey,cemhsey_forward_day_logo,vs_user_only,mean_ali,agency_margin_tau_0.15,user_only,split_id|subject_id|session|day,130,0.010594615155582219,0.009953830900202217,0.011256120944329697,0.0004997501249375312,True,4
cemhsey,cemhsey_forward_day_logo,vs_user_only,mean_ali,agency_margin_tau_0.20,user_only,split_id|subject_id|session|day,130,0.014814193649142859,0.013970557813867442,0.015676156549313904,0.0004997501249375312,True,5
cemhsey,cemhsey_forward_day_logo,vs_user_only,risk_coverage_auc,agency_margin_tau_0.02,user_only,split_id|subject_id|session|day,130,-0.0164711937389051,-0.020319835478440886,-0.012558341267159871,0.0004997501249375312,True,1
cemhsey,cemhsey_forward_day_logo,vs_user_only,risk_coverage_auc,agency_margin_tau_0.05,user_only,split_id|subject_id|session|day,130,-0.020157878211929433,-0.02437206392787603,-0.015715788647305263,0.0004997501249375312,True,2
cemhsey,cemhsey_forward_day_logo,vs_user_only,risk_coverage_auc,agency_margin_tau_0.10,user_only,split_id|subject_id|session|day,130,-0.024467957169465804,-0.02956476584974984,-0.019194490094069143,0.0004997501249375312,True,3
cemhsey,cemhsey_forward_day_logo,vs_user_only,risk_coverage_auc,agency_margin_tau_0.15,user_only,split_id|subject_id|session|day,130,-0.02645992642434425,-0.03207545355689618,-0.020462200444104923,0.0004997501249375312,True,4
cemhsey,cemhsey_forward_day_logo,vs_user_only,risk_coverage_auc,agency_margin_tau_0.20,user_only,split_id|subject_id|session|day,130,-0.02754093356390503,-0.03363767452999877,-0.02105332299635841,0.0004997501249375312,True,5
db10,db10_able_to_amputee,vs_user_only,active_macro_f1,agency_margin_tau_0.02,user_only,split_id|subject_id|session,15,0.05483923070992925,0.040238329584255716,0.06926773049432136,0.0009995002498750624,True,2
db10,db10_able_to_amputee,vs_user_only,active_macro_f1,agency_margin_tau_0.05,user_only,split_id|subject_id|session,15,0.1896004306022246,0.14189489858245527,0.23764422980088792,0.0009995002498750624,True,4
db10,db10_able_to_amputee,vs_user_only,active_macro_f1,agency_margin_tau_0.10,user_only,split_id|subject_id|session,15,0.3534687054319053,0.27624184356431974,0.42483563065138213,0.0009995002498750624,True,3
db10,db10_able_to_amputee,vs_user_only,active_macro_f1,agency_margin_tau_0.15,user_only,split_id|subject_id|session,15,0.45111319924161025,0.3602090124144802,0.5310835165917243,0.0009995002498750624,True,5
db10,db10_able_to_amputee,vs_user_only,active_macro_f1,agency_margin_tau_0.20,user_only,split_id|subject_id|session,15,0.5097748791269765,0.4076489198355318,0.5973017867878926,0.0004997501249375312,True,1
db10,db10_able_to_amputee,vs_user_only,active_risk_coverage_auc,agency_margin_tau_0.02,user_only,split_id|subject_id|session,15,-0.2325972467044986,-0.28235929865783754,-0.175781523013406,0.0009995002498750624,True,2
db10,db10_able_to_amputee,vs_user_only,active_risk_coverage_auc,agency_margin_tau_0.05,user_only,split_id|subject_id|session,15,-0.405470004413919,-0.49305663617746964,-0.30797682490113987,0.0009995002498750624,True,4
db10,db10_able_to_amputee,vs_user_only,active_risk_coverage_auc,agency_margin_tau_0.10,user_only,split_id|subject_id|session,15,-0.5498002894165215,-0.6596853238704945,-0.42665316601001213,0.0009995002498750624,True,3
db10,db10_able_to_amputee,vs_user_only,active_risk_coverage_auc,agency_margin_tau_0.15,user_only,split_id|subject_id|session,15,-0.6055226109692448,-0.7208794550005699,-0.47094129497626297,0.0009995002498750624,True,5
db10,db10_able_to_amputee,vs_user_only,active_risk_coverage_auc,agency_margin_tau_0.20,user_only,split_id|subject_id|session,15,-0.628593018364208,-0.7467850020072224,-0.48779828153224297,0.0004997501249375312,True,1
db10,db10_able_to_amputee,vs_user_only,balanced_accuracy,agency_margin_tau_0.02,user_only,split_id|subject_id|session,15,0.05137662337662338,0.03857085137085137,0.06447676767676769,0.0009995002498750624,True,2
db10,db10_able_to_amputee,vs_user_only,balanced_accuracy,agency_margin_tau_0.05,user_only,split_id|subject_id|session,15,0.15643578643578643,0.11744574314574317,0.19395988455988453,0.0009995002498750624,True,4
db10,db10_able_to_amputee,vs_user_only,balanced_accuracy,agency_margin_tau_0.10,user_only,split_id|subject_id|session,15,0.2956652236652237,0.2289093795093796,0.35935353535353537,0.0009995002498750624,True,3
db10,db10_able_to_amputee,vs_user_only,balanced_accuracy,agency_margin_tau_0.15,user_only,split_id|subject_id|session,15,0.37980086580086586,0.3018430014430015,0.45398145743145735,0.0009995002498750624,True,5
db10,db10_able_to_amputee,vs_user_only,balanced_accuracy,agency_margin_tau_0.20,user_only,split_id|subject_id|session,15,0.4313217893217894,0.340421645021645,0.5132248917748917,0.0004997501249375312,True,1
db10,db10_able_to_amputee,vs_user_only,ece,agency_margin_tau_0.02,user_only,split_id|subject_id|session,15,0.04011751806011956,-0.004963396396210943,0.0921664068754821,0.13143428285857073,False,1
db10,db10_able_to_amputee,vs_user_only,ece,agency_margin_tau_0.05,user_only,split_id|subject_id|session,15,0.023982609680123772,-0.018747470093954506,0.07393430097826399,0.3853073463268366,False,4
db10,db10_able_to_amputee,vs_user_only,ece,agency_margin_tau_0.10,user_only,split_id|subject_id|session,15,-0.0009023623673184619,-0.04374250676044814,0.04569155340190267,0.9645177411294353,False,5
db10,db10_able_to_amputee,vs_user_only,ece,agency_margin_tau_0.15,user_only,split_id|subject_id|session,15,-0.023773949565357503,-0.06944462839599472,0.025094067538579408,0.3538230884557721,False,3
db10,db10_able_to_amputee,vs_user_only,ece,agency_margin_tau_0.20,user_only,split_id|subject_id|session,15,-0.03862320331613997,-0.08641216221518772,0.011869812116095864,0.14992503748125938,False,2
db10,db10_able_to_amputee,vs_user_only,macro_f1,agency_margin_tau_0.02,user_only,split_id|subject_id|session,15,0.051416778058220654,0.0387561883223361,0.0641116408630167,0.0009995002498750624,True,2
db10,db10_able_to_amputee,vs_user_only,macro_f1,agency_margin_tau_0.05,user_only,split_id|subject_id|session,15,0.14876762920839864,0.1144860142299087,0.18241215400021818,0.0009995002498750624,True,4
db10,db10_able_to_amputee,vs_user_only,macro_f1,agency_margin_tau_0.10,user_only,split_id|subject_id|session,15,0.2599525165333703,0.20723269014906975,0.3106070591046937,0.0009995002498750624,True,3
db10,db10_able_to_amputee,vs_user_only,macro_f1,agency_margin_tau_0.15,user_only,split_id|subject_id|session,15,0.3306916404381233,0.2654616685652572,0.39084627466389044,0.0009995002498750624,True,5
db10,db10_able_to_amputee,vs_user_only,macro_f1,agency_margin_tau_0.20,user_only,split_id|subject_id|session,15,0.37367547408586493,0.2988281958115514,0.4408587949958535,0.0004997501249375312,True,1
db10,db10_able_to_amputee,vs_user_only,mean_ali,agency_margin_tau_0.02,user_only,split_id|subject_id|session,15,0.0016627573389744335,0.0012583674880724948,0.002032611895117132,0.0009995002498750624,True,2
db10,db10_able_to_amputee,vs_user_only,mean_ali,agency_margin_tau_0.05,user_only,split_id|subject_id|session,15,0.008779311500097973,0.006867059431623756,0.010604812064816857,0.0009995002498750624,True,4
db10,db10_able_to_amputee,vs_user_only,mean_ali,agency_margin_tau_0.10,user_only,split_id|subject_id|session,15,0.02251450312010952,0.01837869828057203,0.025721288811377595,0.0009995002498750624,True,3
db10,db10_able_to_amputee,vs_user_only,mean_ali,agency_margin_tau_0.15,user_only,split_id|subject_id|session,15,0.03468624475354409,0.02864707508670464,0.03903383013803203,0.0009995002498750624,True,5
db10,db10_able_to_amputee,vs_user_only,mean_ali,agency_margin_tau_0.20,user_only,split_id|subject_id|session,15,0.04457957680831804,0.03644232465685541,0.051085989824101244,0.0004997501249375312,True,1
db10,db10_able_to_amputee,vs_user_only,risk_coverage_auc,agency_margin_tau_0.02,user_only,split_id|subject_id|session,15,-0.3766778017061834,-0.4408533014261399,-0.308270577088643,0.0009995002498750624,True,2
db10,db10_able_to_amputee,vs_user_only,risk_coverage_auc,agency_margin_tau_0.05,user_only,split_id|subject_id|session,15,-0.4202260030778311,-0.4955895706202016,-0.33945378778975516,0.0009995002498750624,True,4
db10,db10_able_to_amputee,vs_user_only,risk_coverage_auc,agency_margin_tau_0.10,user_only,split_id|subject_id|session,15,-0.4647309468392098,-0.5497083476277453,-0.3719661382814454,0.0009995002498750624,True,3
db10,db10_able_to_amputee,vs_user_only,risk_coverage_auc,agency_margin_tau_0.15,user_only,split_id|subject_id|session,15,-0.49058629813749044,-0.5777363001144946,-0.3942633970278354,0.0009995002498750624,True,5
db10,db10_able_to_amputee,vs_user_only,risk_coverage_auc,agency_margin_tau_0.20,user_only,split_id|subject_id|session,15,-0.5050869579226503,-0.5925248513931702,-0.40598847529524923,0.0004997501249375312,True,1
db10,db10_amputee_loso,vs_user_only,active_macro_f1,agency_margin_tau_0.02,user_only,split_id|subject_id|session,15,0.0846147652731252,0.05713417529069719,0.11533931467434054,0.0009995002498750624,True,2
db10,db10_amputee_loso,vs_user_only,active_macro_f1,agency_margin_tau_0.05,user_only,split_id|subject_id|session,15,0.2635170338154525,0.18450248542173048,0.34312686632155287,0.0004997501249375312,True,1
db10,db10_amputee_loso,vs_user_only,active_macro_f1,agency_margin_tau_0.10,user_only,split_id|subject_id|session,15,0.44990869692831154,0.3404388304268135,0.5529244874854725,0.0009995002498750624,True,3
db10,db10_amputee_loso,vs_user_only,active_macro_f1,agency_margin_tau_0.15,user_only,split_id|subject_id|session,15,0.5424898403680948,0.41376530832755815,0.6489573272769691,0.0009995002498750624,True,4
db10,db10_amputee_loso,vs_user_only,active_macro_f1,agency_margin_tau_0.20,user_only,split_id|subject_id|session,15,0.5771309746181201,0.4416721850812341,0.6834719270592067,0.0009995002498750624,True,5
db10,db10_amputee_loso,vs_user_only,active_risk_coverage_auc,agency_margin_tau_0.02,user_only,split_id|subject_id|session,15,-0.2589365822133497,-0.3278563791928483,-0.19007804457256783,0.0009995002498750624,True,1
db10,db10_amputee_loso,vs_user_only,active_risk_coverage_auc,agency_margin_tau_0.05,user_only,split_id|subject_id|session,15,-0.45484343559708135,-0.5621388562317449,-0.33928618883133593,0.0009995002498750624,True,2
db10,db10_amputee_loso,vs_user_only,active_risk_coverage_auc,agency_margin_tau_0.10,user_only,split_id|subject_id|session,15,-0.5808979776264411,-0.7016515915917321,-0.4377363171360972,0.0009995002498750624,True,3
db10,db10_amputee_loso,vs_user_only,active_risk_coverage_auc,agency_margin_tau_0.15,user_only,split_id|subject_id|session,15,-0.6242464212635388,-0.7460267661869164,-0.4723868610040035,0.0009995002498750624,True,4
db10,db10_amputee_loso,vs_user_only,active_risk_coverage_auc,agency_margin_tau_0.20,user_only,split_id|subject_id|session,15,-0.6358338428955508,-0.7583940644301299,-0.4800821257381224,0.0009995002498750624,True,5
db10,db10_amputee_loso,vs_user_only,balanced_accuracy,agency_margin_tau_0.02,user_only,split_id|subject_id|session,15,0.07634920634920637,0.05252359307359309,0.10439927849927853,0.0009995002498750624,True,3
db10,db10_amputee_loso,vs_user_only,balanced_accuracy,agency_margin_tau_0.05,user_only,split_id|subject_id|session,15,0.2243809523809524,0.15860303030303036,0.29301132756132753,0.0004997501249375312,True,1
db10,db10_amputee_loso,vs_user_only,balanced_accuracy,agency_margin_tau_0.10,user_only,split_id|subject_id|session,15,0.38687734487734493,0.29316796536796547,0.4777112554112555,0.0004997501249375312,True,2
db10,db10_amputee_loso,vs_user_only,balanced_accuracy,agency_margin_tau_0.15,user_only,split_id|subject_id|session,15,0.4723492063492064,0.3625741702741703,0.5652418470418471,0.0009995002498750624,True,4
db10,db10_amputee_loso,vs_user_only,balanced_accuracy,agency_margin_tau_0.20,user_only,split_id|subject_id|session,15,0.5045339105339105,0.38917489177489173,0.597203823953824,0.0009995002498750624,True,5
db10,db10_amputee_loso,vs_user_only,ece,agency_margin_tau_0.02,user_only,split_id|subject_id|session,15,0.04140201848176932,-0.009337665311549784,0.09250548649652317,0.15742128935532235,False,1
db10,db10_amputee_loso,vs_user_only,ece,agency_margin_tau_0.05,user_only,split_id|subject_id|session,15,-0.0035711704124638125,-0.06288504017484263,0.057339991481913745,0.9105447276361819,False,5
db10,db10_amputee_loso,vs_user_only,ece,agency_margin_tau_0.10,user_only,split_id|subject_id|session,15,-0.01972310018012154,-0.07709274332382882,0.03911098803551078,0.5177411294352824,False,4
db10,db10_amputee_loso,vs_user_only,ece,agency_margin_tau_0.15,user_only,split_id|subject_id|session,15,-0.03101389219940614,-0.0836726075510407,0.023159437924204235,0.2848575712143928,False,3
db10,db10_amputee_loso,vs_user_only,ece,agency_margin_tau_0.20,user_only,split_id|subject_id|session,15,-0.035029042051215355,-0.08564823177367178,0.01733408340079379,0.2193903048475762,False,2
db10,db10_amputee_loso,vs_user_only,macro_f1,agency_margin_tau_0.02,user_only,split_id|subject_id|session,15,0.07474834772541547,0.05168661338810586,0.10043661538252881,0.0009995002498750624,True,5
db10,db10_amputee_loso,vs_user_only,macro_f1,agency_margin_tau_0.05,user_only,split_id|subject_id|session,15,0.2083519238015585,0.14748343140813636,0.27209981015237755,0.0004997501249375312,True,1
db10,db10_amputee_loso,vs_user_only,macro_f1,agency_margin_tau_0.10,user_only,split_id|subject_id|session,15,0.3562026020172219,0.2719313986902561,0.4399980125130946,0.0004997501249375312,True,2
db10,db10_amputee_loso,vs_user_only,macro_f1,agency_margin_tau_0.15,user_only,split_id|subject_id|session,15,0.4306230868634899,0.3341096357135439,0.5158574893659262,0.0004997501249375312,True,3
db10,db10_amputee_loso,vs_user_only,macro_f1,agency_margin_tau_0.20,user_only,split_id|subject_id|session,15,0.4575685548518676,0.35475450772786254,0.5426586877280103,0.0004997501249375312,True,4
db10,db10_amputee_loso,vs_user_only,mean_ali,agency_margin_tau_0.02,user_only,split_id|subject_id|session,15,0.00180741929454212,0.0013559793070297,0.0022678105159746596,0.0009995002498750624,True,5
db10,db10_amputee_loso,vs_user_only,mean_ali,agency_margin_tau_0.05,user_only,split_id|subject_id|session,15,0.010078051607530052,0.00796007807536708,0.012003655410360225,0.0004997501249375312,True,1
db10,db10_amputee_loso,vs_user_only,mean_ali,agency_margin_tau_0.10,user_only,split_id|subject_id|session,15,0.03206765159240884,0.027134453166787552,0.03991131253418903,0.0004997501249375312,True,2
db10,db10_amputee_loso,vs_user_only,mean_ali,agency_margin_tau_0.15,user_only,split_id|subject_id|session,15,0.04620133639258799,0.03848533416466182,0.05422678956260998,0.0004997501249375312,True,3
db10,db10_amputee_loso,vs_user_only,mean_ali,agency_margin_tau_0.20,user_only,split_id|subject_id|session,15,0.052512764390799264,0.04277226904629303,0.062037354625425464,0.0004997501249375312,True,4
db10,db10_amputee_loso,vs_user_only,risk_coverage_auc,agency_margin_tau_0.02,user_only,split_id|subject_id|session,15,-0.3911657500240997,-0.4809594086228327,-0.2988999521988597,0.0009995002498750624,True,5
db10,db10_amputee_loso,vs_user_only,risk_coverage_auc,agency_margin_tau_0.05,user_only,split_id|subject_id|session,15,-0.44819170690383553,-0.5499712664896369,-0.33962915985379577,0.0009995002498750624,True,4
db10,db10_amputee_loso,vs_user_only,risk_coverage_auc,agency_margin_tau_0.10,user_only,split_id|subject_id|session,15,-0.5394797070382963,-0.6271829379806113,-0.43361145249269856,0.0004997501249375312,True,2
db10,db10_amputee_loso,vs_user_only,risk_coverage_auc,agency_margin_tau_0.15,user_only,split_id|subject_id|session,15,-0.5646283996561947,-0.6532272228557128,-0.4566186411740613,0.0004997501249375312,True,1
db10,db10_amputee_loso,vs_user_only,risk_coverage_auc,agency_margin_tau_0.20,user_only,split_id|subject_id|session,15,-0.5721791401166672,-0.6609032373153618,-0.46472739030748184,0.0004997501249375312,True,3
db10,db10_mixed_to_amputee,vs_user_only,active_macro_f1,agency_margin_tau_0.02,user_only,split_id|subject_id|session,15,0.11167035287570479,0.0805434813243645,0.14449095796195802,0.0009995002498750624,True,2
db10,db10_mixed_to_amputee,vs_user_only,active_macro_f1,agency_margin_tau_0.05,user_only,split_id|subject_id|session,15,0.32237204283061704,0.25136428073064304,0.39011800155092585,0.0009995002498750624,True,3
db10,db10_mixed_to_amputee,vs_user_only,active_macro_f1,agency_margin_tau_0.10,user_only,split_id|subject_id|session,15,0.49715097934999325,0.4048995427749989,0.5780031871804905,0.0004997501249375312,True,1
db10,db10_mixed_to_amputee,vs_user_only,active_macro_f1,agency_margin_tau_0.15,user_only,split_id|subject_id|session,15,0.5763711456236993,0.4716673964424877,0.663653470725728,0.0009995002498750624,True,4
db10,db10_mixed_to_amputee,vs_user_only,active_macro_f1,agency_margin_tau_0.20,user_only,split_id|subject_id|session,15,0.6057362524708405,0.4951616533536973,0.6944390019928692,0.0009995002498750624,True,5
db10,db10_mixed_to_amputee,vs_user_only,active_risk_coverage_auc,agency_margin_tau_0.02,user_only,split_id|subject_id|session,15,-0.3220206594050367,-0.38583754193251546,-0.25464482946480466,0.0009995002498750624,True,1
db10,db10_mixed_to_amputee,vs_user_only,active_risk_coverage_auc,agency_margin_tau_0.05,user_only,split_id|subject_id|session,15,-0.5458027068206733,-0.6378724601511451,-0.4412407794849628,0.0009995002498750624,True,2
db10,db10_mixed_to_amputee,vs_user_only,active_risk_coverage_auc,agency_margin_tau_0.10,user_only,split_id|subject_id|session,15,-0.6553034810821025,-0.7460046367877528,-0.5401014553322614,0.0009995002498750624,True,3
db10,db10_mixed_to_amputee,vs_user_only,active_risk_coverage_auc,agency_margin_tau_0.15,user_only,split_id|subject_id|session,15,-0.6781173919638748,-0.7758019379082116,-0.5456274319775262,0.0009995002498750624,True,4
db10,db10_mixed_to_amputee,vs_user_only,active_risk_coverage_auc,agency_margin_tau_0.20,user_only,split_id|subject_id|session,15,-0.6896945863225412,-0.7840302795622114,-0.5632919402533902,0.0009995002498750624,True,5
db10,db10_mixed_to_amputee,vs_user_only,balanced_accuracy,agency_margin_tau_0.02,user_only,split_id|subject_id|session,15,0.09478210678210681,0.06935072150072155,0.12145541125541129,0.0009995002498750624,True,5
db10,db10_mixed_to_amputee,vs_user_only,balanced_accuracy,agency_margin_tau_0.05,user_only,split_id|subject_id|session,15,0.26823088023088026,0.21006046176046175,0.32537265512265506,0.0004997501249375312,True,1
db10,db10_mixed_to_amputee,vs_user_only,balanced_accuracy,agency_margin_tau_0.10,user_only,split_id|subject_id|session,15,0.4219191919191919,0.34122597402597404,0.4960108225108225,0.0004997501249375312,True,2
db10,db10_mixed_to_amputee,vs_user_only,balanced_accuracy,agency_margin_tau_0.15,user_only,split_id|subject_id|session,15,0.49490620490620496,0.4022093795093795,0.5729831168831169,0.0004997501249375312,True,3
db10,db10_mixed_to_amputee,vs_user_only,balanced_accuracy,agency_margin_tau_0.20,user_only,split_id|subject_id|session,15,0.522917748917749,0.42728744588744605,0.6018084415584416,0.0004997501249375312,True,4
db10,db10_mixed_to_amputee,vs_user_only,ece,agency_margin_tau_0.02,user_only,split_id|subject_id|session,15,-0.01293773371965511,-0.07463370732465249,0.04628020702246195,0.6661669165417291,False,5
db10,db10_mixed_to_amputee,vs_user_only,ece,agency_margin_tau_0.05,user_only,split_id|subject_id|session,15,-0.0611103614394894,-0.12274487210051545,-0.0032976869063285692,0.0704647676161919,False,4
db10,db10_mixed_to_amputee,vs_user_only,ece,agency_margin_tau_0.10,user_only,split_id|subject_id|session,15,-0.10052861730688255,-0.15592210184579497,-0.04982210057941886,0.00399800099950025,True,3
db10,db10_mixed_to_amputee,vs_user_only,ece,agency_margin_tau_0.15,user_only,split_id|subject_id|session,15,-0.1099560587530579,-0.1663450369994982,-0.05688453593170673,0.0024987506246876563,True,2
db10,db10_mixed_to_amputee,vs_user_only,ece,agency_margin_tau_0.20,user_only,split_id|subject_id|session,15,-0.12379876176731865,-0.17434345427815914,-0.07901437813184738,0.0004997501249375312,True,1
db10,db10_mixed_to_amputee,vs_user_only,macro_f1,agency_margin_tau_0.02,user_only,split_id|subject_id|session,15,0.09041868732137034,0.06757523346760186,0.11376395251999209,0.0009995002498750624,True,5
db10,db10_mixed_to_amputee,vs_user_only,macro_f1,agency_margin_tau_0.05,user_only,split_id|subject_id|session,15,0.23720471273321786,0.18876697984317814,0.2832551137688511,0.0004997501249375312,True,1
db10,db10_mixed_to_amputee,vs_user_only,macro_f1,agency_margin_tau_0.10,user_only,split_id|subject_id|session,15,0.36976064433372857,0.29855470618497976,0.4329609488135263,0.0004997501249375312,True,2
db10,db10_mixed_to_amputee,vs_user_only,macro_f1,agency_margin_tau_0.15,user_only,split_id|subject_id|session,15,0.43664464482321347,0.36004074895566934,0.5044821359171666,0.0004997501249375312,True,3
db10,db10_mixed_to_amputee,vs_user_only,macro_f1,agency_margin_tau_0.20,user_only,split_id|subject_id|session,15,0.4592770077020878,0.3789065238491337,0.5301637641454892,0.0004997501249375312,True,4
db10,db10_mixed_to_amputee,vs_user_only,mean_ali,agency_margin_tau_0.02,user_only,split_id|subject_id|session,15,0.0022094121300968396,0.0017191194427554194,0.002678892713089174,0.0009995002498750624,True,5
db10,db10_mixed_to_amputee,vs_user_only,mean_ali,agency_margin_tau_0.05,user_only,split_id|subject_id|session,15,0.011413997934084348,0.009355016320050594,0.013152112258583882,0.0004997501249375312,True,1
db10,db10_mixed_to_amputee,vs_user_only,mean_ali,agency_margin_tau_0.10,user_only,split_id|subject_id|session,15,0.025821460971452225,0.021572491931208894,0.029487200784843088,0.0004997501249375312,True,2
db10,db10_mixed_to_amputee,vs_user_only,mean_ali,agency_margin_tau_0.15,user_only,split_id|subject_id|session,15,0.04232471036507172,0.03467082760353405,0.05295618366944257,0.0004997501249375312,True,3
db10,db10_mixed_to_amputee,vs_user_only,mean_ali,agency_margin_tau_0.20,user_only,split_id|subject_id|session,15,0.048357748512498265,0.03850312906741229,0.06209137542920058,0.0004997501249375312,True,4
db10,db10_mixed_to_amputee,vs_user_only,risk_coverage_auc,agency_margin_tau_0.02,user_only,split_id|subject_id|session,15,-0.4128502036377324,-0.4886671921113997,-0.3308344148213699,0.0009995002498750624,True,5
db10,db10_mixed_to_amputee,vs_user_only,risk_coverage_auc,agency_margin_tau_0.05,user_only,split_id|subject_id|session,15,-0.4601780695705003,-0.547259040953021,-0.3632042655415717,0.0004997501249375312,True,1
db10,db10_mixed_to_amputee,vs_user_only,risk_coverage_auc,agency_margin_tau_0.10,user_only,split_id|subject_id|session,15,-0.5180795836400718,-0.6074318676291554,-0.4217024959863171,0.0004997501249375312,True,2
db10,db10_mixed_to_amputee,vs_user_only,risk_coverage_auc,agency_margin_tau_0.15,user_only,split_id|subject_id|session,15,-0.5761421453478826,-0.648496119026201,-0.501115811346808,0.0004997501249375312,True,3
db10,db10_mixed_to_amputee,vs_user_only,risk_coverage_auc,agency_margin_tau_0.20,user_only,split_id|subject_id|session,15,-0.5773988921143207,-0.6494080881299812,-0.5027042075197415,0.0004997501249375312,True,4
grabmyo,grabmyo_subject_logo,vs_user_only,active_macro_f1,agency_margin_tau_0.02,user_only,split_id|subject_id|session|day,129,0.0067060472910147224,0.005692815301859245,0.007792806903355222,0.0004997501249375312,True,1
grabmyo,grabmyo_subject_logo,vs_user_only,active_macro_f1,agency_margin_tau_0.05,user_only,split_id|subject_id|session|day,129,0.016600159002062315,0.014829551537640689,0.01850811415297859,0.0004997501249375312,True,2
grabmyo,grabmyo_subject_logo,vs_user_only,active_macro_f1,agency_margin_tau_0.10,user_only,split_id|subject_id|session|day,129,0.032285387323297526,0.029339709742773657,0.035632129673940235,0.0004997501249375312,True,3
grabmyo,grabmyo_subject_logo,vs_user_only,active_macro_f1,agency_margin_tau_0.15,user_only,split_id|subject_id|session|day,129,0.046426079024704504,0.04228721225943221,0.051180624292057664,0.0004997501249375312,True,4
grabmyo,grabmyo_subject_logo,vs_user_only,active_macro_f1,agency_margin_tau_0.20,user_only,split_id|subject_id|session|day,129,0.0581907660004405,0.053041323273396536,0.06405710606612504,0.0004997501249375312,True,5
grabmyo,grabmyo_subject_logo,vs_user_only,active_risk_coverage_auc,agency_margin_tau_0.02,user_only,split_id|subject_id|session|day,129,-0.052269841724923785,-0.05779243243724662,-0.04711813926231551,0.0004997501249375312,True,1
grabmyo,grabmyo_subject_logo,vs_user_only,active_risk_coverage_auc,agency_margin_tau_0.05,user_only,split_id|subject_id|session|day,129,-0.0560413294328907,-0.06186331785777435,-0.050622675610126795,0.0004997501249375312,True,2
grabmyo,grabmyo_subject_logo,vs_user_only,active_risk_coverage_auc,agency_margin_tau_0.10,user_only,split_id|subject_id|session|day,129,-0.061837174809644846,-0.06786919624702036,-0.056068505814822915,0.0004997501249375312,True,3
grabmyo,grabmyo_subject_logo,vs_user_only,active_risk_coverage_auc,agency_margin_tau_0.15,user_only,split_id|subject_id|session|day,129,-0.06686212656606565,-0.07344964940389316,-0.06073908803714332,0.0004997501249375312,True,4
grabmyo,grabmyo_subject_logo,vs_user_only,active_risk_coverage_auc,agency_margin_tau_0.20,user_only,split_id|subject_id|session|day,129,-0.07083048683939787,-0.07780205307760651,-0.0644102579225133,0.0004997501249375312,True,5
grabmyo,grabmyo_subject_logo,vs_user_only,balanced_accuracy,agency_margin_tau_0.02,user_only,split_id|subject_id|session|day,129,0.006462119731613582,0.005615269363559386,0.0073610839684711115,0.0004997501249375312,True,1
grabmyo,grabmyo_subject_logo,vs_user_only,balanced_accuracy,agency_margin_tau_0.05,user_only,split_id|subject_id|session|day,129,0.015542961370594756,0.014018630708097205,0.01715849130349815,0.0004997501249375312,True,2
grabmyo,grabmyo_subject_logo,vs_user_only,balanced_accuracy,agency_margin_tau_0.10,user_only,split_id|subject_id|session|day,129,0.03026512930753697,0.027724578203374373,0.033092958113477955,0.0004997501249375312,True,3
grabmyo,grabmyo_subject_logo,vs_user_only,balanced_accuracy,agency_margin_tau_0.15,user_only,split_id|subject_id|session|day,129,0.043827763663604975,0.040127678978568164,0.04793205654354765,0.0004997501249375312,True,4
grabmyo,grabmyo_subject_logo,vs_user_only,balanced_accuracy,agency_margin_tau_0.20,user_only,split_id|subject_id|session|day,129,0.054901960784313725,0.05027685492801772,0.059931600547195624,0.0004997501249375312,True,5
grabmyo,grabmyo_subject_logo,vs_user_only,ece,agency_margin_tau_0.02,user_only,split_id|subject_id|session|day,129,0.0838596523639873,0.07383596491299738,0.09375613783293939,0.0004997501249375312,True,1
grabmyo,grabmyo_subject_logo,vs_user_only,ece,agency_margin_tau_0.05,user_only,split_id|subject_id|session|day,129,0.08113068944010215,0.07094221604177785,0.09143256771852287,0.0004997501249375312,True,2
grabmyo,grabmyo_subject_logo,vs_user_only,ece,agency_margin_tau_0.10,user_only,split_id|subject_id|session|day,129,0.07477234013356976,0.06416375122662471,0.08549538751329773,0.0004997501249375312,True,3
grabmyo,grabmyo_subject_logo,vs_user_only,ece,agency_margin_tau_0.15,user_only,split_id|subject_id|session|day,129,0.06667335383551731,0.056130628297784015,0.07732455614633789,0.0004997501249375312,True,4
grabmyo,grabmyo_subject_logo,vs_user_only,ece,agency_margin_tau_0.20,user_only,split_id|subject_id|session|day,129,0.05733719367685907,0.046659831715474644,0.06805515783821742,0.0004997501249375312,True,5
grabmyo,grabmyo_subject_logo,vs_user_only,macro_f1,agency_margin_tau_0.02,user_only,split_id|subject_id|session|day,129,0.0067060472910147224,0.005692815301859245,0.007792806903355222,0.0004997501249375312,True,1
grabmyo,grabmyo_subject_logo,vs_user_only,macro_f1,agency_margin_tau_0.05,user_only,split_id|subject_id|session|day,129,0.016600159002062315,0.014829551537640689,0.01850811415297859,0.0004997501249375312,True,2
grabmyo,grabmyo_subject_logo,vs_user_only,macro_f1,agency_margin_tau_0.10,user_only,split_id|subject_id|session|day,129,0.032285387323297526,0.029339709742773657,0.035632129673940235,0.0004997501249375312,True,3
grabmyo,grabmyo_subject_logo,vs_user_only,macro_f1,agency_margin_tau_0.15,user_only,split_id|subject_id|session|day,129,0.046426079024704504,0.04228721225943221,0.051180624292057664,0.0004997501249375312,True,4
grabmyo,grabmyo_subject_logo,vs_user_only,macro_f1,agency_margin_tau_0.20,user_only,split_id|subject_id|session|day,129,0.0581907660004405,0.053041323273396536,0.06405710606612504,0.0004997501249375312,True,5
grabmyo,grabmyo_subject_logo,vs_user_only,mean_ali,agency_margin_tau_0.02,user_only,split_id|subject_id|session|day,129,0.00014130938780017492,0.00013213058439587102,0.0001510876852841467,0.0004997501249375312,True,1
grabmyo,grabmyo_subject_logo,vs_user_only,mean_ali,agency_margin_tau_0.05,user_only,split_id|subject_id|session|day,129,0.0009335022837180365,0.0008793717012900811,0.0009923818184908683,0.0004997501249375312,True,2
grabmyo,grabmyo_subject_logo,vs_user_only,mean_ali,agency_margin_tau_0.10,user_only,split_id|subject_id|session|day,129,0.0036172858322053463,0.003434450413470247,0.0038036254721207216,0.0004997501249375312,True,3
grabmyo,grabmyo_subject_logo,vs_user_only,mean_ali,agency_margin_tau_0.15,user_only,split_id|subject_id|session|day,129,0.007839374968770211,0.007449209219411486,0.00825317826251534,0.0004997501249375312,True,4
grabmyo,grabmyo_subject_logo,vs_user_only,mean_ali,agency_margin_tau_0.20,user_only,split_id|subject_id|session|day,129,0.013566128707200389,0.012852886844459717,0.014297876700069507,0.0004997501249375312,True,5
grabmyo,grabmyo_subject_logo,vs_user_only,risk_coverage_auc,agency_margin_tau_0.02,user_only,split_id|subject_id|session|day,129,-0.052269841724923785,-0.05779243243724662,-0.04711813926231551,0.0004997501249375312,True,1
grabmyo,grabmyo_subject_logo,vs_user_only,risk_coverage_auc,agency_margin_tau_0.05,user_only,split_id|subject_id|session|day,129,-0.0560413294328907,-0.06186331785777435,-0.050622675610126795,0.0004997501249375312,True,2
grabmyo,grabmyo_subject_logo,vs_user_only,risk_coverage_auc,agency_margin_tau_0.10,user_only,split_id|subject_id|session|day,129,-0.061837174809644846,-0.06786919624702036,-0.056068505814822915,0.0004997501249375312,True,3
grabmyo,grabmyo_subject_logo,vs_user_only,risk_coverage_auc,agency_margin_tau_0.15,user_only,split_id|subject_id|session|day,129,-0.06686212656606565,-0.07344964940389316,-0.06073908803714332,0.0004997501249375312,True,4
grabmyo,grabmyo_subject_logo,vs_user_only,risk_coverage_auc,agency_margin_tau_0.20,user_only,split_id|subject_id|session|day,129,-0.07083048683939787,-0.07780205307760651,-0.0644102579225133,0.0004997501249375312,True,5
grabmyo,grabmyo_within_subject_dayshift,vs_user_only,active_macro_f1,agency_margin_tau_0.02,user_only,split_id|subject_id|session|day,86,0.0061755011699188254,0.005069224363534435,0.007315322587073372,0.0004997501249375312,True,1
grabmyo,grabmyo_within_subject_dayshift,vs_user_only,active_macro_f1,agency_margin_tau_0.05,user_only,split_id|subject_id|session|day,86,0.01609915770344062,0.013886899220448161,0.01829814995898943,0.0004997501249375312,True,2
grabmyo,grabmyo_within_subject_dayshift,vs_user_only,active_macro_f1,agency_margin_tau_0.10,user_only,split_id|subject_id|session|day,86,0.031546293048650045,0.027900044757858136,0.03533734295237817,0.0004997501249375312,True,3
grabmyo,grabmyo_within_subject_dayshift,vs_user_only,active_macro_f1,agency_margin_tau_0.15,user_only,split_id|subject_id|session|day,86,0.04443400352732156,0.0393962345319933,0.04945870208414485,0.0004997501249375312,True,4
grabmyo,grabmyo_within_subject_dayshift,vs_user_only,active_macro_f1,agency_margin_tau_0.20,user_only,split_id|subject_id|session|day,86,0.05441317555914514,0.04790685137504062,0.060913945828822716,0.0004997501249375312,True,5
grabmyo,grabmyo_within_subject_dayshift,vs_user_only,active_risk_coverage_auc,agency_margin_tau_0.02,user_only,split_id|subject_id|session|day,86,-0.04560366890524508,-0.05189857070444763,-0.03945700938834824,0.0004997501249375312,True,1
grabmyo,grabmyo_within_subject_dayshift,vs_user_only,active_risk_coverage_auc,agency_margin_tau_0.05,user_only,split_id|subject_id|session|day,86,-0.048930741520295626,-0.055489717028564554,-0.04257779626208684,0.0004997501249375312,True,2
grabmyo,grabmyo_within_subject_dayshift,vs_user_only,active_risk_coverage_auc,agency_margin_tau_0.10,user_only,split_id|subject_id|session|day,86,-0.05360634693555355,-0.0605568991182571,-0.04689610676317965,0.0004997501249375312,True,3
grabmyo,grabmyo_within_subject_dayshift,vs_user_only,active_risk_coverage_auc,agency_margin_tau_0.15,user_only,split_id|subject_id|session|day,86,-0.05745725588622819,-0.06469827749792209,-0.05016174885557708,0.0004997501249375312,True,4
grabmyo,grabmyo_within_subject_dayshift,vs_user_only,active_risk_coverage_auc,agency_margin_tau_0.20,user_only,split_id|subject_id|session|day,86,-0.060012176851093196,-0.06776068658013112,-0.05229965569660602,0.0004997501249375312,True,5
grabmyo,grabmyo_within_subject_dayshift,vs_user_only,balanced_accuracy,agency_margin_tau_0.02,user_only,split_id|subject_id|session|day,86,0.005901895641977721,0.004924272034395151,0.0068795192495602914,0.0004997501249375312,True,1
grabmyo,grabmyo_within_subject_dayshift,vs_user_only,balanced_accuracy,agency_margin_tau_0.05,user_only,split_id|subject_id|session|day,86,0.015301934727379321,0.013347176079734206,0.01733437561070939,0.0004997501249375312,True,2
grabmyo,grabmyo_within_subject_dayshift,vs_user_only,balanced_accuracy,agency_margin_tau_0.10,user_only,split_id|subject_id|session|day,86,0.029489935509087344,0.02620676177447723,0.032870822747703705,0.0004997501249375312,True,3
grabmyo,grabmyo_within_subject_dayshift,vs_user_only,balanced_accuracy,agency_margin_tau_0.15,user_only,split_id|subject_id|session|day,86,0.04182137971467656,0.03732606996286886,0.04623949579831932,0.0004997501249375312,True,4
grabmyo,grabmyo_within_subject_dayshift,vs_user_only,balanced_accuracy,agency_margin_tau_0.20,user_only,split_id|subject_id|session|day,86,0.05118233339847565,0.04553351573187413,0.05692837600156341,0.0004997501249375312,True,5
grabmyo,grabmyo_within_subject_dayshift,vs_user_only,ece,agency_margin_tau_0.02,user_only,split_id|subject_id|session|day,86,0.029413441121673992,0.011125634489989784,0.04731635556417091,0.0034982508745627187,True,1
grabmyo,grabmyo_within_subject_dayshift,vs_user_only,ece,agency_margin_tau_0.05,user_only,split_id|subject_id|session|day,86,0.024013751873630806,0.005567940300837626,0.042386063018062525,0.014992503748125937,False,2
grabmyo,grabmyo_within_subject_dayshift,vs_user_only,ece,agency_margin_tau_0.10,user_only,split_id|subject_id|session|day,86,0.015603012702740148,-0.0027072294395366586,0.034235606429774336,0.09945027486256872,False,3
grabmyo,grabmyo_within_subject_dayshift,vs_user_only,ece,agency_margin_tau_0.15,user_only,split_id|subject_id|session|day,86,0.0048039761167991,-0.012956598416894768,0.02313000319870394,0.6176911544227887,False,4
grabmyo,grabmyo_within_subject_dayshift,vs_user_only,ece,agency_margin_tau_0.20,user_only,split_id|subject_id|session|day,86,-0.003686902183264808,-0.020830010696484377,0.0136866274299181,0.6916541729135433,False,5
grabmyo,grabmyo_within_subject_dayshift,vs_user_only,macro_f1,agency_margin_tau_0.02,user_only,split_id|subject_id|session|day,86,0.0061755011699188254,0.005069224363534435,0.007315322587073372,0.0004997501249375312,True,1
grabmyo,grabmyo_within_subject_dayshift,vs_user_only,macro_f1,agency_margin_tau_0.05,user_only,split_id|subject_id|session|day,86,0.01609915770344062,0.013886899220448161,0.01829814995898943,0.0004997501249375312,True,2
grabmyo,grabmyo_within_subject_dayshift,vs_user_only,macro_f1,agency_margin_tau_0.10,user_only,split_id|subject_id|session|day,86,0.031546293048650045,0.027900044757858136,0.03533734295237817,0.0004997501249375312,True,3
grabmyo,grabmyo_within_subject_dayshift,vs_user_only,macro_f1,agency_margin_tau_0.15,user_only,split_id|subject_id|session|day,86,0.04443400352732156,0.0393962345319933,0.04945870208414485,0.0004997501249375312,True,4
grabmyo,grabmyo_within_subject_dayshift,vs_user_only,macro_f1,agency_margin_tau_0.20,user_only,split_id|subject_id|session|day,86,0.05441317555914514,0.04790685137504062,0.060913945828822716,0.0004997501249375312,True,5
grabmyo,grabmyo_within_subject_dayshift,vs_user_only,mean_ali,agency_margin_tau_0.02,user_only,split_id|subject_id|session|day,86,0.0001450264654759392,0.0001313557414565901,0.00015917649083738953,0.0004997501249375312,True,1
grabmyo,grabmyo_within_subject_dayshift,vs_user_only,mean_ali,agency_margin_tau_0.05,user_only,split_id|subject_id|session|day,86,0.0009429284278588489,0.0008717587654430825,0.001012535619975747,0.0004997501249375312,True,2
grabmyo,grabmyo_within_subject_dayshift,vs_user_only,mean_ali,agency_margin_tau_0.10,user_only,split_id|subject_id|session|day,86,0.0036202525918418546,0.0033827078406576715,0.0038676991176916434,0.0004997501249375312,True,3
grabmyo,grabmyo_within_subject_dayshift,vs_user_only,mean_ali,agency_margin_tau_0.15,user_only,split_id|subject_id|session|day,86,0.007709115876271869,0.007199391460547681,0.008252066163232647,0.0004997501249375312,True,4
grabmyo,grabmyo_within_subject_dayshift,vs_user_only,mean_ali,agency_margin_tau_0.20,user_only,split_id|subject_id|session|day,86,0.012844016663552796,0.012049723734597893,0.013701724569766698,0.0004997501249375312,True,5
grabmyo,grabmyo_within_subject_dayshift,vs_user_only,risk_coverage_auc,agency_margin_tau_0.02,user_only,split_id|subject_id|session|day,86,-0.04560366890524508,-0.05189857070444763,-0.03945700938834824,0.0004997501249375312,True,1
grabmyo,grabmyo_within_subject_dayshift,vs_user_only,risk_coverage_auc,agency_margin_tau_0.05,user_only,split_id|subject_id|session|day,86,-0.048930741520295626,-0.055489717028564554,-0.04257779626208684,0.0004997501249375312,True,2
grabmyo,grabmyo_within_subject_dayshift,vs_user_only,risk_coverage_auc,agency_margin_tau_0.10,user_only,split_id|subject_id|session|day,86,-0.05360634693555355,-0.0605568991182571,-0.04689610676317965,0.0004997501249375312,True,3
grabmyo,grabmyo_within_subject_dayshift,vs_user_only,risk_coverage_auc,agency_margin_tau_0.15,user_only,split_id|subject_id|session|day,86,-0.05745725588622819,-0.06469827749792209,-0.05016174885557708,0.0004997501249375312,True,4
grabmyo,grabmyo_within_subject_dayshift,vs_user_only,risk_coverage_auc,agency_margin_tau_0.20,user_only,split_id|subject_id|session|day,86,-0.060012176851093196,-0.06776068658013112,-0.05229965569660602,0.0004997501249375312,True,5
hyser,hyser_subject_logo,vs_user_only,active_macro_f1,agency_margin_tau_0.02,user_only,split_id|subject_id|session|day,40,0.002090571245538142,0.0012438401448910256,0.002953971358765998,0.0004997501249375312,True,1
hyser,hyser_subject_logo,vs_user_only,active_macro_f1,agency_margin_tau_0.05,user_only,split_id|subject_id|session|day,40,0.005192111838093762,0.003695825838326871,0.006595065277666317,0.0004997501249375312,True,2
hyser,hyser_subject_logo,vs_user_only,active_macro_f1,agency_margin_tau_0.10,user_only,split_id|subject_id|session|day,40,0.009523136389706194,0.006744612459027653,0.012259728819872348,0.0004997501249375312,True,3
hyser,hyser_subject_logo,vs_user_only,active_macro_f1,agency_margin_tau_0.15,user_only,split_id|subject_id|session|day,40,0.01385100987323927,0.009757809363377905,0.0180421182323095,0.0004997501249375312,True,4
hyser,hyser_subject_logo,vs_user_only,active_macro_f1,agency_margin_tau_0.20,user_only,split_id|subject_id|session|day,40,0.017204765119444666,0.011788345259082707,0.02267685165174444,0.0004997501249375312,True,5
hyser,hyser_subject_logo,vs_user_only,active_risk_coverage_auc,agency_margin_tau_0.02,user_only,split_id|subject_id|session|day,40,-0.009118741766670633,-0.014109531653997082,-0.004173457793465181,0.001999000499750125,True,5
hyser,hyser_subject_logo,vs_user_only,active_risk_coverage_auc,agency_margin_tau_0.05,user_only,split_id|subject_id|session|day,40,-0.010825486922587129,-0.016280251037840563,-0.005514025753998442,0.0014992503748125937,True,4
hyser,hyser_subject_logo,vs_user_only,active_risk_coverage_auc,agency_margin_tau_0.10,user_only,split_id|subject_id|session|day,40,-0.013401947443882543,-0.01949845351299617,-0.007365950751711421,0.0004997501249375312,True,2
hyser,hyser_subject_logo,vs_user_only,active_risk_coverage_auc,agency_margin_tau_0.15,user_only,split_id|subject_id|session|day,40,-0.015712656245335323,-0.023004776647204305,-0.008853185176261862,0.0004997501249375312,True,1
hyser,hyser_subject_logo,vs_user_only,active_risk_coverage_auc,agency_margin_tau_0.20,user_only,split_id|subject_id|session|day,40,-0.017040508134016398,-0.024923351461809254,-0.009592048800184043,0.0004997501249375312,True,3
hyser,hyser_subject_logo,vs_user_only,balanced_accuracy,agency_margin_tau_0.02,user_only,split_id|subject_id|session|day,40,0.0020245098039215793,0.001274509803921593,0.0027893382352941237,0.0004997501249375312,True,1
hyser,hyser_subject_logo,vs_user_only,balanced_accuracy,agency_margin_tau_0.05,user_only,split_id|subject_id|session|day,40,0.005257352941176479,0.0039827818627451005,0.00655398284313727,0.0004997501249375312,True,2
hyser,hyser_subject_logo,vs_user_only,balanced_accuracy,agency_margin_tau_0.10,user_only,split_id|subject_id|session|day,40,0.009830882352941186,0.0074234068627451145,0.01226973039215688,0.0004997501249375312,True,3
hyser,hyser_subject_logo,vs_user_only,balanced_accuracy,agency_margin_tau_0.15,user_only,split_id|subject_id|session|day,40,0.013813725490196088,0.010308517156862753,0.017519914215686275,0.0004997501249375312,True,4
hyser,hyser_subject_logo,vs_user_only,balanced_accuracy,agency_margin_tau_0.20,user_only,split_id|subject_id|session|day,40,0.016661764705882348,0.012040808823529424,0.0214045343137255,0.0004997501249375312,True,5
hyser,hyser_subject_logo,vs_user_only,ece,agency_margin_tau_0.02,user_only,split_id|subject_id|session|day,40,0.04232114985694622,0.03616913629678113,0.04870019961651608,0.0004997501249375312,True,1
hyser,hyser_subject_logo,vs_user_only,ece,agency_margin_tau_0.05,user_only,split_id|subject_id|session|day,40,0.04079345586480933,0.03390276172819176,0.047890975939570805,0.0004997501249375312,True,2
hyser,hyser_subject_logo,vs_user_only,ece,agency_margin_tau_0.10,user_only,split_id|subject_id|session|day,40,0.03587921839106635,0.028191196606814697,0.043610343936439616,0.0004997501249375312,True,3
hyser,hyser_subject_logo,vs_user_only,ece,agency_margin_tau_0.15,user_only,split_id|subject_id|session|day,40,0.02947836431821686,0.021663268710841545,0.03710468630926272,0.0004997501249375312,True,4
hyser,hyser_subject_logo,vs_user_only,ece,agency_margin_tau_0.20,user_only,split_id|subject_id|session|day,40,0.021875053753954887,0.014580437466625176,0.029004231404510937,0.0004997501249375312,True,5
hyser,hyser_subject_logo,vs_user_only,macro_f1,agency_margin_tau_0.02,user_only,split_id|subject_id|session|day,40,0.002090571245538142,0.0012438401448910256,0.002953971358765998,0.0004997501249375312,True,1
hyser,hyser_subject_logo,vs_user_only,macro_f1,agency_margin_tau_0.05,user_only,split_id|subject_id|session|day,40,0.005192111838093762,0.003695825838326871,0.006595065277666317,0.0004997501249375312,True,2
hyser,hyser_subject_logo,vs_user_only,macro_f1,agency_margin_tau_0.10,user_only,split_id|subject_id|session|day,40,0.009523136389706194,0.006744612459027653,0.012259728819872348,0.0004997501249375312,True,3
hyser,hyser_subject_logo,vs_user_only,macro_f1,agency_margin_tau_0.15,user_only,split_id|subject_id|session|day,40,0.01385100987323927,0.009757809363377905,0.0180421182323095,0.0004997501249375312,True,4
hyser,hyser_subject_logo,vs_user_only,macro_f1,agency_margin_tau_0.20,user_only,split_id|subject_id|session|day,40,0.017204765119444666,0.011788345259082707,0.02267685165174444,0.0004997501249375312,True,5
hyser,hyser_subject_logo,vs_user_only,mean_ali,agency_margin_tau_0.02,user_only,split_id|subject_id|session|day,40,0.0001224735606286993,0.00010565952577461522,0.00014007923362074676,0.0004997501249375312,True,1
hyser,hyser_subject_logo,vs_user_only,mean_ali,agency_margin_tau_0.05,user_only,split_id|subject_id|session|day,40,0.0007791123809367849,0.0006837700680057048,0.0008770014306047963,0.0004997501249375312,True,2
hyser,hyser_subject_logo,vs_user_only,mean_ali,agency_margin_tau_0.10,user_only,split_id|subject_id|session|day,40,0.00337920075630267,0.0030419097108321125,0.0037161855912969458,0.0004997501249375312,True,3
hyser,hyser_subject_logo,vs_user_only,mean_ali,agency_margin_tau_0.15,user_only,split_id|subject_id|session|day,40,0.00775314937864055,0.007069126814424026,0.008437912855888397,0.0004997501249375312,True,4
hyser,hyser_subject_logo,vs_user_only,mean_ali,agency_margin_tau_0.20,user_only,split_id|subject_id|session|day,40,0.012382446482792422,0.011391069721004479,0.013356767626233211,0.0004997501249375312,True,5
hyser,hyser_subject_logo,vs_user_only,risk_coverage_auc,agency_margin_tau_0.02,user_only,split_id|subject_id|session|day,40,-0.009118741766670633,-0.014109531653997082,-0.004173457793465181,0.001999000499750125,True,5
hyser,hyser_subject_logo,vs_user_only,risk_coverage_auc,agency_margin_tau_0.05,user_only,split_id|subject_id|session|day,40,-0.010825486922587129,-0.016280251037840563,-0.005514025753998442,0.0014992503748125937,True,4
hyser,hyser_subject_logo,vs_user_only,risk_coverage_auc,agency_margin_tau_0.10,user_only,split_id|subject_id|session|day,40,-0.013401947443882543,-0.01949845351299617,-0.007365950751711421,0.0004997501249375312,True,2
hyser,hyser_subject_logo,vs_user_only,risk_coverage_auc,agency_margin_tau_0.15,user_only,split_id|subject_id|session|day,40,-0.015712656245335323,-0.023004776647204305,-0.008853185176261862,0.0004997501249375312,True,1
hyser,hyser_subject_logo,vs_user_only,risk_coverage_auc,agency_margin_tau_0.20,user_only,split_id|subject_id|session|day,40,-0.017040508134016398,-0.024923351461809254,-0.009592048800184043,0.0004997501249375312,True,3
hyser,hyser_within_subject_dayshift,vs_user_only,active_macro_f1,agency_margin_tau_0.02,user_only,split_id|subject_id|session|day,20,0.006364259615352792,0.004204830835921196,0.008703998395110862,0.0004997501249375312,True,1
hyser,hyser_within_subject_dayshift,vs_user_only,active_macro_f1,agency_margin_tau_0.05,user_only,split_id|subject_id|session|day,20,0.015412805085624834,0.01039112067624879,0.0207709617914158,0.0004997501249375312,True,2
hyser,hyser_within_subject_dayshift,vs_user_only,active_macro_f1,agency_margin_tau_0.10,user_only,split_id|subject_id|session|day,20,0.030909927851105135,0.02111415395056899,0.04198405293798458,0.0004997501249375312,True,3
hyser,hyser_within_subject_dayshift,vs_user_only,active_macro_f1,agency_margin_tau_0.15,user_only,split_id|subject_id|session|day,20,0.041692046256557966,0.0280181683129058,0.05613207250064435,0.0004997501249375312,True,4
hyser,hyser_within_subject_dayshift,vs_user_only,active_macro_f1,agency_margin_tau_0.20,user_only,split_id|subject_id|session|day,20,0.0463122815121099,0.030940231973654364,0.062487863429611795,0.0004997501249375312,True,5
hyser,hyser_within_subject_dayshift,vs_user_only,active_risk_coverage_auc,agency_margin_tau_0.02,user_only,split_id|subject_id|session|day,20,-0.01975557150434867,-0.02746225823824256,-0.011668153647034971,0.0004997501249375312,True,1
hyser,hyser_within_subject_dayshift,vs_user_only,active_risk_coverage_auc,agency_margin_tau_0.05,user_only,split_id|subject_id|session|day,20,-0.024325553170343538,-0.03374554506316876,-0.014489778163786582,0.0004997501249375312,True,2
hyser,hyser_within_subject_dayshift,vs_user_only,active_risk_coverage_auc,agency_margin_tau_0.10,user_only,split_id|subject_id|session|day,20,-0.03170972416311023,-0.04404863642047541,-0.01900238166609053,0.0004997501249375312,True,3
hyser,hyser_within_subject_dayshift,vs_user_only,active_risk_coverage_auc,agency_margin_tau_0.15,user_only,split_id|subject_id|session|day,20,-0.03618244036681106,-0.05046141921682513,-0.02167679042503439,0.0004997501249375312,True,4
hyser,hyser_within_subject_dayshift,vs_user_only,active_risk_coverage_auc,agency_margin_tau_0.20,user_only,split_id|subject_id|session|day,20,-0.03826397562861844,-0.05428796499513581,-0.02211777590597849,0.0004997501249375312,True,5
hyser,hyser_within_subject_dayshift,vs_user_only,balanced_accuracy,agency_margin_tau_0.02,user_only,split_id|subject_id|session|day,20,0.005754901960784309,0.00392156862745099,0.007637990196078428,0.0004997501249375312,True,1
hyser,hyser_within_subject_dayshift,vs_user_only,balanced_accuracy,agency_margin_tau_0.05,user_only,split_id|subject_id|session|day,20,0.014127450980392161,0.009774509803921565,0.018706372549019634,0.0004997501249375312,True,2
hyser,hyser_within_subject_dayshift,vs_user_only,balanced_accuracy,agency_margin_tau_0.10,user_only,split_id|subject_id|session|day,20,0.027480392156862755,0.01895049019607844,0.03675637254901961,0.0004997501249375312,True,3
hyser,hyser_within_subject_dayshift,vs_user_only,balanced_accuracy,agency_margin_tau_0.15,user_only,split_id|subject_id|session|day,20,0.036666666666666695,0.02518308823529413,0.04898161764705885,0.0004997501249375312,True,4
hyser,hyser_within_subject_dayshift,vs_user_only,balanced_accuracy,agency_margin_tau_0.20,user_only,split_id|subject_id|session|day,20,0.04087254901960784,0.0274889705882353,0.05482377450980395,0.0004997501249375312,True,5
hyser,hyser_within_subject_dayshift,vs_user_only,ece,agency_margin_tau_0.02,user_only,split_id|subject_id|session|day,20,0.007933499989137519,-0.008794773659882932,0.025291922187391586,0.39280359820089955,False,4
hyser,hyser_within_subject_dayshift,vs_user_only,ece,agency_margin_tau_0.05,user_only,split_id|subject_id|session|day,20,-0.00268634592240148,-0.020134318138749885,0.014421762550690475,0.7781109445277361,False,5
hyser,hyser_within_subject_dayshift,vs_user_only,ece,agency_margin_tau_0.10,user_only,split_id|subject_id|session|day,20,-0.011624307295730081,-0.027239659187611193,0.0035042179338334693,0.1714142928535732,False,3
hyser,hyser_within_subject_dayshift,vs_user_only,ece,agency_margin_tau_0.15,user_only,split_id|subject_id|session|day,20,-0.01906772385553619,-0.031019689652803887,-0.007890911992942357,0.00849575212393803,True,2
hyser,hyser_within_subject_dayshift,vs_user_only,ece,agency_margin_tau_0.20,user_only,split_id|subject_id|session|day,20,-0.018391904239130785,-0.02687767443785543,-0.010427660189177044,0.001999000499750125,True,1
hyser,hyser_within_subject_dayshift,vs_user_only,macro_f1,agency_margin_tau_0.02,user_only,split_id|subject_id|session|day,20,0.006364259615352792,0.004204830835921196,0.008703998395110862,0.0004997501249375312,True,1
hyser,hyser_within_subject_dayshift,vs_user_only,macro_f1,agency_margin_tau_0.05,user_only,split_id|subject_id|session|day,20,0.015412805085624834,0.01039112067624879,0.0207709617914158,0.0004997501249375312,True,2
hyser,hyser_within_subject_dayshift,vs_user_only,macro_f1,agency_margin_tau_0.10,user_only,split_id|subject_id|session|day,20,0.030909927851105135,0.02111415395056899,0.04198405293798458,0.0004997501249375312,True,3
hyser,hyser_within_subject_dayshift,vs_user_only,macro_f1,agency_margin_tau_0.15,user_only,split_id|subject_id|session|day,20,0.041692046256557966,0.0280181683129058,0.05613207250064435,0.0004997501249375312,True,4
hyser,hyser_within_subject_dayshift,vs_user_only,macro_f1,agency_margin_tau_0.20,user_only,split_id|subject_id|session|day,20,0.0463122815121099,0.030940231973654364,0.062487863429611795,0.0004997501249375312,True,5
hyser,hyser_within_subject_dayshift,vs_user_only,mean_ali,agency_margin_tau_0.02,user_only,split_id|subject_id|session|day,20,0.00018633064573532783,0.0001552722255819289,0.00021928211287115047,0.0004997501249375312,True,1
hyser,hyser_within_subject_dayshift,vs_user_only,mean_ali,agency_margin_tau_0.05,user_only,split_id|subject_id|session|day,20,0.001246701539520655,0.001087736551702389,0.0014048204519780325,0.0004997501249375312,True,2
hyser,hyser_within_subject_dayshift,vs_user_only,mean_ali,agency_margin_tau_0.10,user_only,split_id|subject_id|session|day,20,0.005191601422136215,0.004528812345674526,0.0058465887053979464,0.0004997501249375312,True,3
hyser,hyser_within_subject_dayshift,vs_user_only,mean_ali,agency_margin_tau_0.15,user_only,split_id|subject_id|session|day,20,0.009711556182977496,0.008369058097893881,0.01110977138613833,0.0004997501249375312,True,4
hyser,hyser_within_subject_dayshift,vs_user_only,mean_ali,agency_margin_tau_0.20,user_only,split_id|subject_id|session|day,20,0.013428967801866077,0.011598273446300857,0.01530988690093928,0.0004997501249375312,True,5
hyser,hyser_within_subject_dayshift,vs_user_only,risk_coverage_auc,agency_margin_tau_0.02,user_only,split_id|subject_id|session|day,20,-0.01975557150434867,-0.02746225823824256,-0.011668153647034971,0.0004997501249375312,True,1
hyser,hyser_within_subject_dayshift,vs_user_only,risk_coverage_auc,agency_margin_tau_0.05,user_only,split_id|subject_id|session|day,20,-0.024325553170343538,-0.03374554506316876,-0.014489778163786582,0.0004997501249375312,True,2
hyser,hyser_within_subject_dayshift,vs_user_only,risk_coverage_auc,agency_margin_tau_0.10,user_only,split_id|subject_id|session|day,20,-0.03170972416311023,-0.04404863642047541,-0.01900238166609053,0.0004997501249375312,True,3
hyser,hyser_within_subject_dayshift,vs_user_only,risk_coverage_auc,agency_margin_tau_0.15,user_only,split_id|subject_id|session|day,20,-0.03618244036681106,-0.05046141921682513,-0.02167679042503439,0.0004997501249375312,True,4
hyser,hyser_within_subject_dayshift,vs_user_only,risk_coverage_auc,agency_margin_tau_0.20,user_only,split_id|subject_id|session|day,20,-0.03826397562861844,-0.05428796499513581,-0.02211777590597849,0.0004997501249375312,True,5

