split_family,comparison_family,metric,policy_a,policy_b,unit_cols,n_units,estimate,ci_low,ci_high,p_value,beneficial,holm_rank,holm_n_tests,holm_threshold,holm_reject,beneficial_and_holm_significant
db10_able_to_amputee,agency_vs_set_acsa,active_macro_f1,agency_margin_tau_0.02,set_acsa_tau_0.02,split_id|subject_id|session,15,0.0076055379575517565,0.005231723025781035,0.01002436691115492,0.0009995002498750624,True,1,5,0.01,True,True
db10_able_to_amputee,agency_vs_set_acsa,active_macro_f1,agency_margin_tau_0.05,set_acsa_tau_0.05,split_id|subject_id|session,15,0.010962866778258916,0.0081318109472928,0.013917942037915467,0.0009995002498750624,True,2,5,0.0125,True,True
db10_able_to_amputee,agency_vs_set_acsa,active_macro_f1,agency_margin_tau_0.10,set_acsa_tau_0.10,split_id|subject_id|session,15,0.00882770874693291,0.006648037261932915,0.011201977044665983,0.0009995002498750624,True,3,5,0.016666666666666666,True,True
db10_able_to_amputee,agency_vs_set_acsa,active_macro_f1,agency_margin_tau_0.15,set_acsa_tau_0.15,split_id|subject_id|session,15,0.004302786317741927,0.003013189342890824,0.005579296279983923,0.0009995002498750624,True,4,5,0.025,True,True
db10_able_to_amputee,agency_vs_set_acsa,active_macro_f1,agency_margin_tau_0.20,set_acsa_tau_0.20,split_id|subject_id|session,15,0.001971150485696264,0.0012008339545399014,0.003084222980014973,0.0009995002498750624,True,5,5,0.05,True,True
db10_able_to_amputee,agency_vs_set_acsa,active_risk_coverage_auc,agency_margin_tau_0.02,set_acsa_tau_0.02,split_id|subject_id|session,15,-0.006889365316476437,-0.009564179668545137,-0.0041256735101181455,0.0014992503748125937,True,4,5,0.025,True,True
db10_able_to_amputee,agency_vs_set_acsa,active_risk_coverage_auc,agency_margin_tau_0.05,set_acsa_tau_0.05,split_id|subject_id|session,15,-0.004066359041226693,-0.005860367703341018,-0.0025094204509690417,0.0009995002498750624,True,1,5,0.01,True,True
db10_able_to_amputee,agency_vs_set_acsa,active_risk_coverage_auc,agency_margin_tau_0.10,set_acsa_tau_0.10,split_id|subject_id|session,15,-0.0016135263526757353,-0.0023083100540125722,-0.0010056536396844296,0.0009995002498750624,True,2,5,0.0125,True,True
db10_able_to_amputee,agency_vs_set_acsa,active_risk_coverage_auc,agency_margin_tau_0.15,set_acsa_tau_0.15,split_id|subject_id|session,15,-0.0004374297744608781,-0.0006587950074859407,-0.00024324869639620746,0.0009995002498750624,True,3,5,0.016666666666666666,True,True
db10_able_to_amputee,agency_vs_set_acsa,active_risk_coverage_auc,agency_margin_tau_0.20,set_acsa_tau_0.20,split_id|subject_id|session,15,-0.00010647423376242508,-0.00022396447589598505,-1.533216822585106e-05,0.04997501249375312,True,5,5,0.05,True,True
db10_able_to_amputee,agency_vs_set_acsa,ece,agency_margin_tau_0.02,set_acsa_tau_0.02,split_id|subject_id|session,15,0.0888239490877802,0.0639249112594137,0.1124186534657582,0.0009995002498750624,False,1,5,0.01,True,False
db10_able_to_amputee,agency_vs_set_acsa,ece,agency_margin_tau_0.05,set_acsa_tau_0.05,split_id|subject_id|session,15,0.07188819077352096,0.0556753218731552,0.08727793082456509,0.0009995002498750624,False,2,5,0.0125,True,False
db10_able_to_amputee,agency_vs_set_acsa,ece,agency_margin_tau_0.10,set_acsa_tau_0.10,split_id|subject_id|session,15,0.03555453815715016,0.023255340043143113,0.05056413808188011,0.0009995002498750624,False,3,5,0.016666666666666666,True,False
db10_able_to_amputee,agency_vs_set_acsa,ece,agency_margin_tau_0.15,set_acsa_tau_0.15,split_id|subject_id|session,15,0.014855591924500337,0.008334561999454915,0.022705564198273995,0.0014992503748125937,False,4,5,0.025,True,False
db10_able_to_amputee,agency_vs_set_acsa,ece,agency_margin_tau_0.20,set_acsa_tau_0.20,split_id|subject_id|session,15,0.005811703139188358,0.0023362926594511307,0.010081165640587647,0.005497251374312844,False,5,5,0.05,True,False
db10_able_to_amputee,agency_vs_set_acsa,mean_ali,agency_margin_tau_0.02,set_acsa_tau_0.02,split_id|subject_id|session,15,0.00048386961919436825,0.000344942634860234,0.0006234225127695949,0.0009995002498750624,False,1,5,0.01,True,False
db10_able_to_amputee,agency_vs_set_acsa,mean_ali,agency_margin_tau_0.05,set_acsa_tau_0.05,split_id|subject_id|session,15,0.0011385382533799662,0.0008781242217396728,0.0013977857589749158,0.0009995002498750624,False,2,5,0.0125,True,False
db10_able_to_amputee,agency_vs_set_acsa,mean_ali,agency_margin_tau_0.10,set_acsa_tau_0.10,split_id|subject_id|session,15,0.001277847963679872,0.0009608442163976933,0.0015985920333899276,0.0009995002498750624,False,3,5,0.016666666666666666,True,False
db10_able_to_amputee,agency_vs_set_acsa,mean_ali,agency_margin_tau_0.15,set_acsa_tau_0.15,split_id|subject_id|session,15,0.0010820498553230466,0.0007511089022811189,0.0014427011912375657,0.0009995002498750624,False,4,5,0.025,True,False
db10_able_to_amputee,agency_vs_set_acsa,mean_ali,agency_margin_tau_0.20,set_acsa_tau_0.20,split_id|subject_id|session,15,0.0006967569807571974,0.00040096910121243507,0.001069075782136353,0.0009995002498750624,False,5,5,0.05,True,False
db10_able_to_amputee,agency_vs_set_acsa,intervention_rate,agency_margin_tau_0.02,set_acsa_tau_0.02,split_id|subject_id|session,15,0.05114285714285714,0.03630119047619047,0.06638333333333332,0.0009995002498750624,True,1,5,0.01,True,True
db10_able_to_amputee,agency_vs_set_acsa,intervention_rate,agency_margin_tau_0.05,set_acsa_tau_0.05,split_id|subject_id|session,15,0.048984126984126984,0.03763253968253968,0.060397619047619054,0.0009995002498750624,True,2,5,0.0125,True,True
db10_able_to_amputee,agency_vs_set_acsa,intervention_rate,agency_margin_tau_0.10,set_acsa_tau_0.10,split_id|subject_id|session,15,0.021825396825396807,0.01633333333333331,0.02733373015873015,0.0009995002498750624,True,3,5,0.016666666666666666,True,True
db10_able_to_amputee,agency_vs_set_acsa,intervention_rate,agency_margin_tau_0.15,set_acsa_tau_0.15,split_id|subject_id|session,15,0.011063492063492072,0.007665079365079353,0.014667857142857163,0.0009995002498750624,True,4,5,0.025,True,True
db10_able_to_amputee,agency_vs_set_acsa,intervention_rate,agency_margin_tau_0.20,set_acsa_tau_0.20,split_id|subject_id|session,15,0.00471428571428573,0.002730158730158753,0.00715912698412701,0.0009995002498750624,True,5,5,0.05,True,True
db10_able_to_amputee,agency_vs_plain_conf,active_macro_f1,agency_margin_tau_0.02,plain_conf_threshold_matched_tau_0.02,split_id|subject_id|session,15,-0.1824834634320009,-0.2333347593162417,-0.13113604359825448,0.0009995002498750624,False,3,5,0.016666666666666666,True,False
db10_able_to_amputee,agency_vs_plain_conf,active_macro_f1,agency_margin_tau_0.05,plain_conf_threshold_matched_tau_0.05,split_id|subject_id|session,15,-0.21273873090115444,-0.2665480163240808,-0.1570693462275962,0.0004997501249375312,False,1,5,0.01,True,False
db10_able_to_amputee,agency_vs_plain_conf,active_macro_f1,agency_margin_tau_0.10,plain_conf_threshold_matched_tau_0.10,split_id|subject_id|session,15,-0.14082785940741266,-0.18531060044197678,-0.0965669798813719,0.0004997501249375312,False,2,5,0.0125,True,False
db10_able_to_amputee,agency_vs_plain_conf,active_macro_f1,agency_margin_tau_0.15,plain_conf_threshold_matched_tau_0.15,split_id|subject_id|session,15,-0.08154841218529005,-0.12229896600079407,-0.04519820603297644,0.0014992503748125937,False,4,5,0.025,True,False
db10_able_to_amputee,agency_vs_plain_conf,active_macro_f1,agency_margin_tau_0.20,plain_conf_threshold_matched_tau_0.20,split_id|subject_id|session,15,-0.03584385769107821,-0.07493158303268005,-0.00464760041455051,0.07196401799100449,False,5,5,0.05,False,False
db10_able_to_amputee,agency_vs_plain_conf,active_risk_coverage_auc,agency_margin_tau_0.02,plain_conf_threshold_matched_tau_0.02,split_id|subject_id|session,15,0.21761983690831374,0.1558527455608492,0.2770701225517719,0.0009995002498750624,False,2,5,0.0125,True,False
db10_able_to_amputee,agency_vs_plain_conf,active_risk_coverage_auc,agency_margin_tau_0.05,plain_conf_threshold_matched_tau_0.05,split_id|subject_id|session,15,0.18933343991335536,0.14168827944798276,0.23152864187661673,0.0009995002498750624,False,3,5,0.016666666666666666,True,False
db10_able_to_amputee,agency_vs_plain_conf,active_risk_coverage_auc,agency_margin_tau_0.10,plain_conf_threshold_matched_tau_0.10,split_id|subject_id|session,15,0.08969301084842456,0.06370793246898199,0.11673595955017702,0.0004997501249375312,False,1,5,0.01,True,False
db10_able_to_amputee,agency_vs_plain_conf,active_risk_coverage_auc,agency_margin_tau_0.15,plain_conf_threshold_matched_tau_0.15,split_id|subject_id|session,15,0.044263347124060035,0.027074120649348964,0.06633029533506678,0.0009995002498750624,False,4,5,0.025,True,False
db10_able_to_amputee,agency_vs_plain_conf,active_risk_coverage_auc,agency_margin_tau_0.20,plain_conf_threshold_matched_tau_0.20,split_id|subject_id|session,15,0.02342928039472252,0.010209138773918372,0.041611727227316556,0.0014992503748125937,False,5,5,0.05,True,False
db10_able_to_amputee,agency_vs_plain_conf,ece,agency_margin_tau_0.02,plain_conf_threshold_matched_tau_0.02,split_id|subject_id|session,15,0.05978230237543089,0.024379405655961923,0.09477486379805868,0.004497751124437781,False,4,5,0.025,True,False
db10_able_to_amputee,agency_vs_plain_conf,ece,agency_margin_tau_0.05,plain_conf_threshold_matched_tau_0.05,split_id|subject_id|session,15,0.046112064660878624,0.02138600043681388,0.06983180056890978,0.0029985007496251873,False,2,5,0.0125,True,False
db10_able_to_amputee,agency_vs_plain_conf,ece,agency_margin_tau_0.10,plain_conf_threshold_matched_tau_0.10,split_id|subject_id|session,15,0.03699043899115631,0.01961728318517759,0.05400320989756564,0.001999000499750125,False,1,5,0.01,True,False
db10_able_to_amputee,agency_vs_plain_conf,ece,agency_margin_tau_0.15,plain_conf_threshold_matched_tau_0.15,split_id|subject_id|session,15,0.027536624317474945,0.013403711876681159,0.043039239446544975,0.00399800099950025,False,3,5,0.016666666666666666,True,False
db10_able_to_amputee,agency_vs_plain_conf,ece,agency_margin_tau_0.20,plain_conf_threshold_matched_tau_0.20,split_id|subject_id|session,15,0.018907307285260078,0.003752883958776121,0.036879060956584366,0.03648175912043978,False,5,5,0.05,True,False
db10_able_to_amputee,agency_vs_plain_conf,mean_ali,agency_margin_tau_0.02,plain_conf_threshold_matched_tau_0.02,split_id|subject_id|session,15,-0.018711175911736894,-0.02406341471845632,-0.01372999378230662,0.0004997501249375312,True,1,5,0.01,True,True
db10_able_to_amputee,agency_vs_plain_conf,mean_ali,agency_margin_tau_0.05,plain_conf_threshold_matched_tau_0.05,split_id|subject_id|session,15,-0.029744913444920595,-0.037219369439494686,-0.022672085575729438,0.0004997501249375312,True,2,5,0.0125,True,True
db10_able_to_amputee,agency_vs_plain_conf,mean_ali,agency_margin_tau_0.10,plain_conf_threshold_matched_tau_0.10,split_id|subject_id|session,15,-0.0333156786836642,-0.04444792780562952,-0.023176114992174972,0.0004997501249375312,True,3,5,0.016666666666666666,True,True
db10_able_to_amputee,agency_vs_plain_conf,mean_ali,agency_margin_tau_0.15,plain_conf_threshold_matched_tau_0.15,split_id|subject_id|session,15,-0.031095226268068685,-0.049156508594898854,-0.016897911571552442,0.0004997501249375312,True,4,5,0.025,True,True
db10_able_to_amputee,agency_vs_plain_conf,mean_ali,agency_margin_tau_0.20,plain_conf_threshold_matched_tau_0.20,split_id|subject_id|session,15,-0.024990889501534084,-0.046367691423248494,-0.00917107106964759,0.0029985007496251873,True,5,5,0.05,True,True
db10_able_to_amputee,agency_vs_plain_conf,intervention_rate,agency_margin_tau_0.02,plain_conf_threshold_matched_tau_0.02,split_id|subject_id|session,15,-0.02666666666666667,-0.05657380952380952,0.005778174603174602,0.136431784107946,False,1,5,0.01,False,False
db10_able_to_amputee,agency_vs_plain_conf,intervention_rate,agency_margin_tau_0.05,plain_conf_threshold_matched_tau_0.05,split_id|subject_id|session,15,-0.031999999999999994,-0.0799876984126984,0.018309523809523765,0.23338330834582707,False,2,5,0.0125,False,False
db10_able_to_amputee,agency_vs_plain_conf,intervention_rate,agency_margin_tau_0.10,plain_conf_threshold_matched_tau_0.10,split_id|subject_id|session,15,-0.02025396825396826,-0.07258571428571425,0.033428571428571405,0.48425787106446777,False,3,5,0.016666666666666666,False,False
db10_able_to_amputee,agency_vs_plain_conf,intervention_rate,agency_margin_tau_0.15,plain_conf_threshold_matched_tau_0.15,split_id|subject_id|session,15,-0.011841269841269838,-0.07678412698412695,0.042222619047619044,0.7596201899050474,False,4,5,0.025,False,False
db10_able_to_amputee,agency_vs_plain_conf,intervention_rate,agency_margin_tau_0.20,plain_conf_threshold_matched_tau_0.20,split_id|subject_id|session,15,0.011984126984126996,-0.06160476190476188,0.06739920634920633,0.8010994502748626,True,5,5,0.05,False,False
db10_amputee_loso,agency_vs_set_acsa,active_macro_f1,agency_margin_tau_0.02,set_acsa_tau_0.02,split_id|subject_id|session,15,0.010925711728913797,0.007940452231218977,0.013811177498108274,0.0009995002498750624,True,3,5,0.016666666666666666,True,True
db10_amputee_loso,agency_vs_set_acsa,active_macro_f1,agency_margin_tau_0.05,set_acsa_tau_0.05,split_id|subject_id|session,15,0.015163107705955707,0.01111066026202027,0.018750676901449555,0.0004997501249375312,True,1,5,0.01,True,True
db10_amputee_loso,agency_vs_set_acsa,active_macro_f1,agency_margin_tau_0.10,set_acsa_tau_0.10,split_id|subject_id|session,15,0.008973563010512135,0.006462632502594141,0.011471705621396515,0.0004997501249375312,True,2,5,0.0125,True,True
db10_amputee_loso,agency_vs_set_acsa,active_macro_f1,agency_margin_tau_0.15,set_acsa_tau_0.15,split_id|subject_id|session,15,0.002527472197862493,0.0013328023042642478,0.003859030330424926,0.0009995002498750624,True,4,5,0.025,True,True
db10_amputee_loso,agency_vs_set_acsa,active_macro_f1,agency_margin_tau_0.20,set_acsa_tau_0.20,split_id|subject_id|session,15,0.0004973161993454001,0.00020100436167207338,0.000845314776111617,0.009995002498750625,True,5,5,0.05,True,True
db10_amputee_loso,agency_vs_set_acsa,active_risk_coverage_auc,agency_margin_tau_0.02,set_acsa_tau_0.02,split_id|subject_id|session,15,-0.009510240083833492,-0.012364384610229857,-0.006559302750051189,0.0009995002498750624,True,1,5,0.01,True,True
db10_amputee_loso,agency_vs_set_acsa,active_risk_coverage_auc,agency_margin_tau_0.05,set_acsa_tau_0.05,split_id|subject_id|session,15,-0.005515685394042967,-0.007770700354845506,-0.0033234754463581893,0.0009995002498750624,True,2,5,0.0125,True,True
db10_amputee_loso,agency_vs_set_acsa,active_risk_coverage_auc,agency_margin_tau_0.10,set_acsa_tau_0.10,split_id|subject_id|session,15,-0.0012584527275141023,-0.001995129739116663,-0.0005701232717874185,0.0034982508745627187,True,3,5,0.016666666666666666,True,True
db10_amputee_loso,agency_vs_set_acsa,active_risk_coverage_auc,agency_margin_tau_0.15,set_acsa_tau_0.15,split_id|subject_id|session,15,-0.0001527038914889589,-0.0002968573315063295,-3.132835411732671e-05,0.0544727636181909,True,4,5,0.025,False,False
db10_amputee_loso,agency_vs_set_acsa,active_risk_coverage_auc,agency_margin_tau_0.20,set_acsa_tau_0.20,split_id|subject_id|session,15,-1.2818867785322855e-05,-3.3486778222469544e-05,5.768061390315559e-06,0.24737631184407796,True,5,5,0.05,False,False
db10_amputee_loso,agency_vs_set_acsa,ece,agency_margin_tau_0.02,set_acsa_tau_0.02,split_id|subject_id|session,15,0.062259189268864056,0.03401208217381842,0.09207991455199946,0.0014992503748125937,False,1,5,0.01,True,False
db10_amputee_loso,agency_vs_set_acsa,ece,agency_margin_tau_0.05,set_acsa_tau_0.05,split_id|subject_id|session,15,0.03153526116152659,0.0020433334602802575,0.06256725512475785,0.0769615192403798,False,2,5,0.0125,False,False
db10_amputee_loso,agency_vs_set_acsa,ece,agency_margin_tau_0.10,set_acsa_tau_0.10,split_id|subject_id|session,15,0.01020676063660334,-0.009851186701058941,0.03162680067191947,0.3808095952023988,False,3,5,0.016666666666666666,False,False
db10_amputee_loso,agency_vs_set_acsa,ece,agency_margin_tau_0.15,set_acsa_tau_0.15,split_id|subject_id|session,15,0.0016762004627312796,-0.004425104275942419,0.007858250600994507,0.6326836581709145,False,4,5,0.025,False,False
db10_amputee_loso,agency_vs_set_acsa,ece,agency_margin_tau_0.20,set_acsa_tau_0.20,split_id|subject_id|session,15,-0.00014946884986049175,-0.001800676982041671,0.001479277233230436,0.8775612193903048,True,5,5,0.05,False,False
db10_amputee_loso,agency_vs_set_acsa,mean_ali,agency_margin_tau_0.02,set_acsa_tau_0.02,split_id|subject_id|session,15,0.0004953035891262926,0.00038590812777479613,0.0006031759402076882,0.0009995002498750624,False,3,5,0.016666666666666666,True,False
db10_amputee_loso,agency_vs_set_acsa,mean_ali,agency_margin_tau_0.05,set_acsa_tau_0.05,split_id|subject_id|session,15,0.0014035015177109725,0.001132985794331857,0.0016293952862902522,0.0004997501249375312,False,1,5,0.01,True,False
db10_amputee_loso,agency_vs_set_acsa,mean_ali,agency_margin_tau_0.10,set_acsa_tau_0.10,split_id|subject_id|session,15,0.0016564286882495402,0.00123871426921884,0.002071945539067632,0.0004997501249375312,False,2,5,0.0125,True,False
db10_amputee_loso,agency_vs_set_acsa,mean_ali,agency_margin_tau_0.15,set_acsa_tau_0.15,split_id|subject_id|session,15,0.0006586888240227883,0.00033852739308457117,0.0010260845380788298,0.0009995002498750624,False,4,5,0.025,True,False
db10_amputee_loso,agency_vs_set_acsa,mean_ali,agency_margin_tau_0.20,set_acsa_tau_0.20,split_id|subject_id|session,15,0.0001521748470462524,5.250685889567712e-05,0.00028413823280191075,0.0034982508745627187,False,5,5,0.05,True,False
db10_amputee_loso,agency_vs_set_acsa,intervention_rate,agency_margin_tau_0.02,set_acsa_tau_0.02,split_id|subject_id|session,15,0.049777777777777775,0.03856944444444445,0.06122222222222222,0.0009995002498750624,True,3,5,0.016666666666666666,True,True
db10_amputee_loso,agency_vs_set_acsa,intervention_rate,agency_margin_tau_0.05,set_acsa_tau_0.05,split_id|subject_id|session,15,0.05160317460317459,0.04072777777777778,0.06109841269841267,0.0004997501249375312,True,1,5,0.01,True,True
db10_amputee_loso,agency_vs_set_acsa,intervention_rate,agency_margin_tau_0.10,set_acsa_tau_0.10,split_id|subject_id|session,15,0.026920634920634907,0.01938055555555553,0.03461984126984124,0.0004997501249375312,True,2,5,0.0125,True,True
db10_amputee_loso,agency_vs_set_acsa,intervention_rate,agency_margin_tau_0.15,set_acsa_tau_0.15,split_id|subject_id|session,15,0.006174603174603181,0.0031742063492063467,0.0098579365079365,0.0009995002498750624,True,4,5,0.025,True,True
db10_amputee_loso,agency_vs_set_acsa,intervention_rate,agency_margin_tau_0.20,set_acsa_tau_0.20,split_id|subject_id|session,15,0.0009682539682539515,0.00033333333333331104,0.0018571428571428534,0.0034982508745627187,True,5,5,0.05,True,True
db10_amputee_loso,agency_vs_plain_conf,active_macro_f1,agency_margin_tau_0.02,plain_conf_threshold_matched_tau_0.02,split_id|subject_id|session,15,0.012844890140502167,-0.025269538911188792,0.047622029000875976,0.5297351324337831,True,4,5,0.025,False,False
db10_amputee_loso,agency_vs_plain_conf,active_macro_f1,agency_margin_tau_0.05,plain_conf_threshold_matched_tau_0.05,split_id|subject_id|session,15,-0.003436366588691384,-0.08007124697263447,0.07058246209166609,0.9325337331334332,False,5,5,0.05,False,False
db10_amputee_loso,agency_vs_plain_conf,active_macro_f1,agency_margin_tau_0.10,plain_conf_threshold_matched_tau_0.10,split_id|subject_id|session,15,0.030489589134478336,-0.03331001821755029,0.09334110698646877,0.38580709645177413,True,3,5,0.016666666666666666,False,False
db10_amputee_loso,agency_vs_plain_conf,active_macro_f1,agency_margin_tau_0.15,plain_conf_threshold_matched_tau_0.15,split_id|subject_id|session,15,0.06460619605414852,0.020185591017766777,0.10849437947619366,0.02048975512243878,True,2,5,0.0125,False,False
db10_amputee_loso,agency_vs_plain_conf,active_macro_f1,agency_margin_tau_0.20,plain_conf_threshold_matched_tau_0.20,split_id|subject_id|session,15,0.08126436580636022,0.04579711647653212,0.11439251458970892,0.0024987506246876563,True,1,5,0.01,True,True
db10_amputee_loso,agency_vs_plain_conf,active_risk_coverage_auc,agency_margin_tau_0.02,plain_conf_threshold_matched_tau_0.02,split_id|subject_id|session,15,-0.07698461134212614,-0.1387100669615228,-0.012260136716791964,0.04447776111944028,True,2,5,0.0125,False,False
db10_amputee_loso,agency_vs_plain_conf,active_risk_coverage_auc,agency_margin_tau_0.05,plain_conf_threshold_matched_tau_0.05,split_id|subject_id|session,15,0.01066247793044115,-0.05862131612660684,0.08069964601836628,0.7796101949025487,False,5,5,0.05,False,False
db10_amputee_loso,agency_vs_plain_conf,active_risk_coverage_auc,agency_margin_tau_0.10,plain_conf_threshold_matched_tau_0.10,split_id|subject_id|session,15,0.010567239686038265,-0.017922664083924695,0.04031706234424528,0.5282358820589705,False,4,5,0.025,False,False
db10_amputee_loso,agency_vs_plain_conf,active_risk_coverage_auc,agency_margin_tau_0.15,plain_conf_threshold_matched_tau_0.15,split_id|subject_id|session,15,-0.005532997106525035,-0.017999158247361126,0.007296880922003866,0.45577211394302847,True,3,5,0.016666666666666666,False,False
db10_amputee_loso,agency_vs_plain_conf,active_risk_coverage_auc,agency_margin_tau_0.20,plain_conf_threshold_matched_tau_0.20,split_id|subject_id|session,15,-0.011019057818113692,-0.019395485344982547,-0.002646694575528766,0.03248375812093953,True,1,5,0.01,False,False
db10_amputee_loso,agency_vs_plain_conf,ece,agency_margin_tau_0.02,plain_conf_threshold_matched_tau_0.02,split_id|subject_id|session,15,0.05423189036027245,0.007546761707962389,0.10262188678644399,0.054972513743128434,False,1,5,0.01,False,False
db10_amputee_loso,agency_vs_plain_conf,ece,agency_margin_tau_0.05,plain_conf_threshold_matched_tau_0.05,split_id|subject_id|session,15,0.012396479788271318,-0.03724412482218986,0.06281425732769116,0.6526736631684158,False,2,5,0.0125,False,False
db10_amputee_loso,agency_vs_plain_conf,ece,agency_margin_tau_0.10,plain_conf_threshold_matched_tau_0.10,split_id|subject_id|session,15,0.001671799682211587,-0.03754262472841496,0.04567573806408755,0.9445277361319341,False,5,5,0.05,False,False
db10_amputee_loso,agency_vs_plain_conf,ece,agency_margin_tau_0.15,plain_conf_threshold_matched_tau_0.15,split_id|subject_id|session,15,-0.0032487822988883624,-0.03197564796776337,0.03341517494284216,0.8855572213893054,True,4,5,0.025,False,False
db10_amputee_loso,agency_vs_plain_conf,ece,agency_margin_tau_0.20,plain_conf_threshold_matched_tau_0.20,split_id|subject_id|session,15,-0.005403045130208834,-0.030389663733625137,0.027747414684922932,0.7956021989005497,True,3,5,0.016666666666666666,False,False
db10_amputee_loso,agency_vs_plain_conf,mean_ali,agency_margin_tau_0.02,plain_conf_threshold_matched_tau_0.02,split_id|subject_id|session,15,-0.002077530076716764,-0.004258005904163133,-0.0002101021903066247,0.0769615192403798,True,3,5,0.016666666666666666,False,False
db10_amputee_loso,agency_vs_plain_conf,mean_ali,agency_margin_tau_0.05,plain_conf_threshold_matched_tau_0.05,split_id|subject_id|session,15,-0.005131776615102466,-0.010854169986293691,0.00021536064309222067,0.10494752623688156,True,4,5,0.025,False,False
db10_amputee_loso,agency_vs_plain_conf,mean_ali,agency_margin_tau_0.10,plain_conf_threshold_matched_tau_0.10,split_id|subject_id|session,15,0.004836862065292352,-0.004646615226668747,0.015396266112826636,0.3853073463268366,False,5,5,0.05,False,False
db10_amputee_loso,agency_vs_plain_conf,mean_ali,agency_margin_tau_0.15,plain_conf_threshold_matched_tau_0.15,split_id|subject_id|session,15,0.01246711174798932,0.003309815153005906,0.02383870538393642,0.018490754622688656,False,2,5,0.0125,False,False
db10_amputee_loso,agency_vs_plain_conf,mean_ali,agency_margin_tau_0.20,plain_conf_threshold_matched_tau_0.20,split_id|subject_id|session,15,0.01648803613700961,0.007782174188922067,0.02834436668163788,0.0004997501249375312,False,1,5,0.01,True,False
db10_amputee_loso,agency_vs_plain_conf,intervention_rate,agency_margin_tau_0.02,plain_conf_threshold_matched_tau_0.02,split_id|subject_id|session,15,0.1165079365079365,0.07414087301587301,0.16109642857142856,0.0009995002498750624,True,4,5,0.025,True,True
db10_amputee_loso,agency_vs_plain_conf,intervention_rate,agency_margin_tau_0.05,plain_conf_threshold_matched_tau_0.05,split_id|subject_id|session,15,0.16938095238095235,0.09103134920634919,0.24981150793650791,0.0024987506246876563,True,5,5,0.05,True,True
db10_amputee_loso,agency_vs_plain_conf,intervention_rate,agency_margin_tau_0.10,plain_conf_threshold_matched_tau_0.10,split_id|subject_id|session,15,0.2534920634920635,0.1644920634920635,0.349479365079365,0.0004997501249375312,True,1,5,0.01,True,True
db10_amputee_loso,agency_vs_plain_conf,intervention_rate,agency_margin_tau_0.15,plain_conf_threshold_matched_tau_0.15,split_id|subject_id|session,15,0.2632380952380952,0.17566388888888892,0.371065476190476,0.0004997501249375312,True,2,5,0.0125,True,True
db10_amputee_loso,agency_vs_plain_conf,intervention_rate,agency_margin_tau_0.20,plain_conf_threshold_matched_tau_0.20,split_id|subject_id|session,15,0.264,0.18023214285714284,0.37672936507936483,0.0004997501249375312,True,3,5,0.016666666666666666,True,True
db10_mixed_to_amputee,agency_vs_set_acsa,active_macro_f1,agency_margin_tau_0.02,set_acsa_tau_0.02,split_id|subject_id|session,15,0.012772368276401302,0.009866381177096916,0.015546544555588324,0.0009995002498750624,True,2,5,0.0125,True,True
db10_mixed_to_amputee,agency_vs_set_acsa,active_macro_f1,agency_margin_tau_0.05,set_acsa_tau_0.05,split_id|subject_id|session,15,0.016042892084738886,0.012836244676657643,0.01900658998921729,0.0009995002498750624,True,3,5,0.016666666666666666,True,True
db10_mixed_to_amputee,agency_vs_set_acsa,active_macro_f1,agency_margin_tau_0.10,set_acsa_tau_0.10,split_id|subject_id|session,15,0.00888745422838631,0.006470850854755504,0.01136123420811282,0.0004997501249375312,True,1,5,0.01,True,True
db10_mixed_to_amputee,agency_vs_set_acsa,active_macro_f1,agency_margin_tau_0.15,set_acsa_tau_0.15,split_id|subject_id|session,15,0.003423380809104878,0.001405190992799103,0.005689218902977483,0.005497251374312844,True,5,5,0.05,True,True
db10_mixed_to_amputee,agency_vs_set_acsa,active_macro_f1,agency_margin_tau_0.20,set_acsa_tau_0.20,split_id|subject_id|session,15,0.0005287625579499726,0.00020870692967801333,0.0008983654118466847,0.004997501249375313,True,4,5,0.025,True,True
db10_mixed_to_amputee,agency_vs_set_acsa,active_risk_coverage_auc,agency_margin_tau_0.02,set_acsa_tau_0.02,split_id|subject_id|session,15,-0.010148418782035994,-0.011911554850576494,-0.008153170575391893,0.0009995002498750624,True,1,5,0.01,True,True
db10_mixed_to_amputee,agency_vs_set_acsa,active_risk_coverage_auc,agency_margin_tau_0.05,set_acsa_tau_0.05,split_id|subject_id|session,15,-0.00569704255985577,-0.007573219199207233,-0.003945038794831793,0.0009995002498750624,True,2,5,0.0125,True,True
db10_mixed_to_amputee,agency_vs_set_acsa,active_risk_coverage_auc,agency_margin_tau_0.10,set_acsa_tau_0.10,split_id|subject_id|session,15,-0.0010999472997676905,-0.0018005512609585784,-0.0004964442321181892,0.001999000499750125,True,3,5,0.016666666666666666,True,True
db10_mixed_to_amputee,agency_vs_set_acsa,active_risk_coverage_auc,agency_margin_tau_0.15,set_acsa_tau_0.15,split_id|subject_id|session,15,0.0003952558001007217,-0.0002515750840837227,0.0015216915791327887,0.9735132433783108,False,5,5,0.05,False,False
db10_mixed_to_amputee,agency_vs_set_acsa,active_risk_coverage_auc,agency_margin_tau_0.20,set_acsa_tau_0.20,split_id|subject_id|session,15,3.908023509568056e-06,-5.987116441526516e-06,1.251437171462798e-05,0.42778610694652675,False,4,5,0.025,False,False
db10_mixed_to_amputee,agency_vs_set_acsa,ece,agency_margin_tau_0.02,set_acsa_tau_0.02,split_id|subject_id|session,15,0.06158625185821989,0.03262927831830948,0.09321692507804605,0.0009995002498750624,False,1,5,0.01,True,False
db10_mixed_to_amputee,agency_vs_set_acsa,ece,agency_margin_tau_0.05,set_acsa_tau_0.05,split_id|subject_id|session,15,0.04344842337570805,0.024266573347657736,0.06473341509332735,0.0014992503748125937,False,2,5,0.0125,True,False
db10_mixed_to_amputee,agency_vs_set_acsa,ece,agency_margin_tau_0.10,set_acsa_tau_0.10,split_id|subject_id|session,15,0.006833882390894595,-0.0032907434031858598,0.018318979516084855,0.26636681659170414,False,3,5,0.016666666666666666,False,False
db10_mixed_to_amputee,agency_vs_set_acsa,ece,agency_margin_tau_0.15,set_acsa_tau_0.15,split_id|subject_id|session,15,0.01021362170006542,-0.0033491124056088373,0.03234557675717399,0.5137431284357821,False,5,5,0.05,False,False
db10_mixed_to_amputee,agency_vs_set_acsa,ece,agency_margin_tau_0.20,set_acsa_tau_0.20,split_id|subject_id|session,15,-0.00041939573552837267,-0.001676240394255744,0.000739856225258987,0.49375312343828087,True,4,5,0.025,False,False
db10_mixed_to_amputee,agency_vs_set_acsa,mean_ali,agency_margin_tau_0.02,set_acsa_tau_0.02,split_id|subject_id|session,15,0.0005356815067456784,0.0004340831703889024,0.0006283300064244006,0.0009995002498750624,False,4,5,0.025,True,False
db10_mixed_to_amputee,agency_vs_set_acsa,mean_ali,agency_margin_tau_0.05,set_acsa_tau_0.05,split_id|subject_id|session,15,0.0013074263067976747,0.0009586487818062272,0.0016914761658967958,0.0004997501249375312,False,1,5,0.01,True,False
db10_mixed_to_amputee,agency_vs_set_acsa,mean_ali,agency_margin_tau_0.10,set_acsa_tau_0.10,split_id|subject_id|session,15,0.001329944180651305,0.0009702580160331875,0.001685601353556225,0.0004997501249375312,False,2,5,0.0125,True,False
db10_mixed_to_amputee,agency_vs_set_acsa,mean_ali,agency_margin_tau_0.15,set_acsa_tau_0.15,split_id|subject_id|session,15,0.002122057437135635,0.0004889099219026009,0.005092959718519799,0.0004997501249375312,False,3,5,0.016666666666666666,True,False
db10_mixed_to_amputee,agency_vs_set_acsa,mean_ali,agency_margin_tau_0.20,set_acsa_tau_0.20,split_id|subject_id|session,15,0.00018167933430717186,9.772226809161785e-05,0.0002793770314485314,0.0024987506246876563,False,5,5,0.05,True,False
db10_mixed_to_amputee,agency_vs_set_acsa,intervention_rate,agency_margin_tau_0.02,set_acsa_tau_0.02,split_id|subject_id|session,15,0.054936507936507936,0.04461746031746032,0.0648095238095238,0.0009995002498750624,True,4,5,0.025,True,True
db10_mixed_to_amputee,agency_vs_set_acsa,intervention_rate,agency_margin_tau_0.05,set_acsa_tau_0.05,split_id|subject_id|session,15,0.04665079365079364,0.03452380952380953,0.05916031746031745,0.0004997501249375312,True,1,5,0.01,True,True
db10_mixed_to_amputee,agency_vs_set_acsa,intervention_rate,agency_margin_tau_0.10,set_acsa_tau_0.10,split_id|subject_id|session,15,0.020190476190476182,0.014443253968253963,0.02599999999999997,0.0004997501249375312,True,2,5,0.0125,True,True
db10_mixed_to_amputee,agency_vs_set_acsa,intervention_rate,agency_margin_tau_0.15,set_acsa_tau_0.15,split_id|subject_id|session,15,0.018539682539682554,0.004507936507936528,0.04382857142857142,0.0004997501249375312,True,3,5,0.016666666666666666,True,True
db10_mixed_to_amputee,agency_vs_set_acsa,intervention_rate,agency_margin_tau_0.20,set_acsa_tau_0.20,split_id|subject_id|session,15,0.0011428571428571492,0.0006186507936507984,0.001730158730158723,0.0024987506246876563,True,5,5,0.05,True,True
db10_mixed_to_amputee,agency_vs_plain_conf,active_macro_f1,agency_margin_tau_0.02,plain_conf_threshold_matched_tau_0.02,split_id|subject_id|session,15,-0.07058357484543493,-0.1148973911428348,-0.029314387581675247,0.0034982508745627187,False,2,5,0.0125,True,False
db10_mixed_to_amputee,agency_vs_plain_conf,active_macro_f1,agency_margin_tau_0.05,plain_conf_threshold_matched_tau_0.05,split_id|subject_id|session,15,-0.04461631447093706,-0.09621584247773818,0.00712360166948596,0.12343828085957022,False,4,5,0.025,False,False
db10_mixed_to_amputee,agency_vs_plain_conf,active_macro_f1,agency_margin_tau_0.10,plain_conf_threshold_matched_tau_0.10,split_id|subject_id|session,15,0.013171123969917514,-0.020680886958668425,0.0467385409913468,0.4777611194402799,True,5,5,0.05,False,False
db10_mixed_to_amputee,agency_vs_plain_conf,active_macro_f1,agency_margin_tau_0.15,plain_conf_threshold_matched_tau_0.15,split_id|subject_id|session,15,0.04165840937062135,0.02235371578790716,0.06128492906667752,0.00399800099950025,True,3,5,0.016666666666666666,True,True
db10_mixed_to_amputee,agency_vs_plain_conf,active_macro_f1,agency_margin_tau_0.20,plain_conf_threshold_matched_tau_0.20,split_id|subject_id|session,15,0.05550876554922503,0.038838941926498075,0.07075107688541614,0.0009995002498750624,True,1,5,0.01,True,True
db10_mixed_to_amputee,agency_vs_plain_conf,active_risk_coverage_auc,agency_margin_tau_0.02,plain_conf_threshold_matched_tau_0.02,split_id|subject_id|session,15,0.06404657216993866,0.011415774889520848,0.11884275520921017,0.03248375812093953,False,2,5,0.0125,False,False
db10_mixed_to_amputee,agency_vs_plain_conf,active_risk_coverage_auc,agency_margin_tau_0.05,plain_conf_threshold_matched_tau_0.05,split_id|subject_id|session,15,0.03939357952663582,-0.00407149999510261,0.0845143661878094,0.12093953023488256,False,3,5,0.016666666666666666,False,False
db10_mixed_to_amputee,agency_vs_plain_conf,active_risk_coverage_auc,agency_margin_tau_0.10,plain_conf_threshold_matched_tau_0.10,split_id|subject_id|session,15,0.0022400592596372986,-0.02075643913644081,0.022427234620677715,0.8595702148925537,False,4,5,0.025,False,False
db10_mixed_to_amputee,agency_vs_plain_conf,active_risk_coverage_auc,agency_margin_tau_0.15,plain_conf_threshold_matched_tau_0.15,split_id|subject_id|session,15,-0.0007286340281410102,-0.014339763942124065,0.01329270923450095,0.8875562218890555,True,5,5,0.05,False,False
db10_mixed_to_amputee,agency_vs_plain_conf,active_risk_coverage_auc,agency_margin_tau_0.20,plain_conf_threshold_matched_tau_0.20,split_id|subject_id|session,15,-0.008106850614914186,-0.017022373730415995,-0.0015175855085138583,0.030984507746126936,True,1,5,0.01,False,False
db10_mixed_to_amputee,agency_vs_plain_conf,ece,agency_margin_tau_0.02,plain_conf_threshold_matched_tau_0.02,split_id|subject_id|session,15,0.014783271148334574,-0.03798789213738103,0.06655187940183656,0.5782108945527237,False,5,5,0.05,False,False
db10_mixed_to_amputee,agency_vs_plain_conf,ece,agency_margin_tau_0.05,plain_conf_threshold_matched_tau_0.05,split_id|subject_id|session,15,-0.017378315757139242,-0.062319469200268235,0.026401237733372003,0.45027486256871563,True,4,5,0.025,False,False
db10_mixed_to_amputee,agency_vs_plain_conf,ece,agency_margin_tau_0.10,plain_conf_threshold_matched_tau_0.10,split_id|subject_id|session,15,-0.03226683617278247,-0.05953477749541027,-0.004392922131190896,0.04097951024487756,True,2,5,0.0125,False,False
db10_mixed_to_amputee,agency_vs_plain_conf,ece,agency_margin_tau_0.15,plain_conf_threshold_matched_tau_0.15,split_id|subject_id|session,15,-0.024518442655268875,-0.04656778208156882,-0.001319134000363585,0.06146926536731634,True,3,5,0.016666666666666666,False,False
db10_mixed_to_amputee,agency_vs_plain_conf,ece,agency_margin_tau_0.20,plain_conf_threshold_matched_tau_0.20,split_id|subject_id|session,15,-0.03155615464198896,-0.04577633492428973,-0.019347661928162566,0.0004997501249375312,True,1,5,0.01,True,True
db10_mixed_to_amputee,agency_vs_plain_conf,mean_ali,agency_margin_tau_0.02,plain_conf_threshold_matched_tau_0.02,split_id|subject_id|session,15,-0.00709280661687406,-0.009986856542459741,-0.004285018115784729,0.0004997501249375312,True,1,5,0.01,True,True
db10_mixed_to_amputee,agency_vs_plain_conf,mean_ali,agency_margin_tau_0.05,plain_conf_threshold_matched_tau_0.05,split_id|subject_id|session,15,-0.007650707803838396,-0.01247850670921483,-0.002678151213750851,0.009495252373813094,True,3,5,0.016666666666666666,True,True
db10_mixed_to_amputee,agency_vs_plain_conf,mean_ali,agency_margin_tau_0.10,plain_conf_threshold_matched_tau_0.10,split_id|subject_id|session,15,-0.0034558803558148873,-0.011622358392999948,0.004445942516294903,0.4927536231884058,True,5,5,0.05,False,False
db10_mixed_to_amputee,agency_vs_plain_conf,mean_ali,agency_margin_tau_0.15,plain_conf_threshold_matched_tau_0.15,split_id|subject_id|session,15,0.007379380302248209,0.0009693146173332444,0.015116484255364026,0.054972513743128434,False,4,5,0.025,False,False
db10_mixed_to_amputee,agency_vs_plain_conf,mean_ali,agency_margin_tau_0.20,plain_conf_threshold_matched_tau_0.20,split_id|subject_id|session,15,0.011268997452193981,0.004382338689844139,0.02015207231168343,0.0004997501249375312,False,2,5,0.0125,True,False
db10_mixed_to_amputee,agency_vs_plain_conf,intervention_rate,agency_margin_tau_0.02,plain_conf_threshold_matched_tau_0.02,split_id|subject_id|session,15,0.0771904761904762,0.025142460317460317,0.13230515873015872,0.022488755622188907,True,5,5,0.05,True,True
db10_mixed_to_amputee,agency_vs_plain_conf,intervention_rate,agency_margin_tau_0.05,plain_conf_threshold_matched_tau_0.05,split_id|subject_id|session,15,0.15885714285714284,0.07706626984126985,0.24179444444444442,0.005997001499250375,True,3,5,0.016666666666666666,True,True
db10_mixed_to_amputee,agency_vs_plain_conf,intervention_rate,agency_margin_tau_0.10,plain_conf_threshold_matched_tau_0.10,split_id|subject_id|session,15,0.1676190476190476,0.06809365079365079,0.2667119047619047,0.01199400299850075,True,4,5,0.025,True,True
db10_mixed_to_amputee,agency_vs_plain_conf,intervention_rate,agency_margin_tau_0.15,plain_conf_threshold_matched_tau_0.15,split_id|subject_id|session,15,0.20615873015873015,0.13846785714285717,0.29399126984126983,0.0004997501249375312,True,1,5,0.01,True,True
db10_mixed_to_amputee,agency_vs_plain_conf,intervention_rate,agency_margin_tau_0.20,plain_conf_threshold_matched_tau_0.20,split_id|subject_id|session,15,0.20238095238095238,0.13455436507936502,0.29111349206349185,0.0004997501249375312,True,2,5,0.0125,True,True

