split_family,comparison_family,metric,tau,policy_a,policy_b,policy_b_same_tau,unit_cols,n_units,n_units_total,n_units_missing_metric,n_extrapolated_units,n_supported_units,extrapolated_fraction,mean_abs_raw_intervention_rate_gap,max_abs_raw_intervention_rate_gap,mean_nearest_curve_budget_gap,max_nearest_curve_budget_gap,mean_curve_metric_point_count,n_singleton_curve_units,estimate,ci_low,ci_high,p_value,beneficial,holm_rank,holm_n_tests,holm_threshold,holm_reject,beneficial_and_holm_significant
db10_able_to_amputee,agency_vs_plain_conf_iso_budget,final_correct_rate,0.02,agency_margin_tau_0.02,plain_conf_threshold_iso_budget_curve,plain_conf_threshold_matched_tau_0.02,split_id|subject_id|session,3,15,12,12,3,0.8,0.058126984126984124,0.12595238095238095,0.058126984126984124,0.12595238095238095,5.0,0,-0.03131051089790691,-0.05018963337547411,-0.009299258625605933,0.2413793103448276,False,5,5,0.05,False,False
db10_able_to_amputee,agency_vs_plain_conf_iso_budget,final_correct_rate,0.05,agency_margin_tau_0.05,plain_conf_threshold_iso_budget_curve,plain_conf_threshold_matched_tau_0.05,split_id|subject_id|session,14,15,1,1,14,0.06666666666666667,0.08631746031746033,0.19714285714285712,0.043936507936507926,0.09261904761904766,5.0,0,-0.09325534866460207,-0.12307032335208237,-0.06397904098521005,0.0004997501249375312,False,1,5,0.01,True,False
db10_able_to_amputee,agency_vs_plain_conf_iso_budget,final_correct_rate,0.10,agency_margin_tau_0.10,plain_conf_threshold_iso_budget_curve,plain_conf_threshold_matched_tau_0.10,split_id|subject_id|session,12,15,3,3,12,0.2,0.08942857142857141,0.22285714285714286,0.030603174603174608,0.06952380952380954,5.0,0,-0.10190824362751577,-0.13449880019221325,-0.06823834156493262,0.0004997501249375312,False,2,5,0.0125,True,False
db10_able_to_amputee,agency_vs_plain_conf_iso_budget,final_correct_rate,0.15,agency_margin_tau_0.15,plain_conf_threshold_iso_budget_curve,plain_conf_threshold_matched_tau_0.15,split_id|subject_id|session,6,15,9,9,6,0.6,0.08660317460317458,0.36214285714285716,0.030126984126984124,0.1138095238095238,5.0,0,-0.09316916879625582,-0.13382725316201946,-0.05819304391415767,0.0384807596201899,False,3,5,0.016666666666666666,False,False
db10_able_to_amputee,agency_vs_plain_conf_iso_budget,final_correct_rate,0.20,agency_margin_tau_0.20,plain_conf_threshold_iso_budget_curve,plain_conf_threshold_matched_tau_0.20,split_id|subject_id|session,4,15,11,11,4,0.7333333333333333,0.09169841269841268,0.42,0.05480952380952382,0.1511904761904762,5.0,0,-0.08499212972736736,-0.1347881506090809,-0.0502112199394808,0.1344327836081959,False,4,5,0.025,False,False
db10_able_to_amputee,agency_vs_plain_conf_iso_budget,median_earliest_safe_s,0.02,agency_margin_tau_0.02,plain_conf_threshold_iso_budget_curve,plain_conf_threshold_matched_tau_0.02,split_id|subject_id|session,3,15,12,12,3,0.8,0.058126984126984124,0.12595238095238095,0.08582539682539682,0.4207142857142857,4.733333333333333,1,-0.08086022466553437,-0.12389380530973448,0.0,0.5012493753123438,True,3,5,0.016666666666666666,False,False
db10_able_to_amputee,agency_vs_plain_conf_iso_budget,median_earliest_safe_s,0.05,agency_margin_tau_0.05,plain_conf_threshold_iso_budget_curve,plain_conf_threshold_matched_tau_0.05,split_id|subject_id|session,14,15,1,1,14,0.06666666666666667,0.08631746031746033,0.19714285714285712,0.07163492063492065,0.4207142857142857,4.733333333333333,1,-0.02548967253776389,-0.0970923746204099,0.04018467225516639,0.5062468765617192,True,4,5,0.025,False,False
db10_able_to_amputee,agency_vs_plain_conf_iso_budget,median_earliest_safe_s,0.10,agency_margin_tau_0.10,plain_conf_threshold_iso_budget_curve,plain_conf_threshold_matched_tau_0.10,split_id|subject_id|session,12,15,3,3,12,0.2,0.08942857142857141,0.22285714285714286,0.058301587301587306,0.4207142857142857,4.733333333333333,1,-0.04726285026551872,-0.08956274547000916,-0.007486612954793712,0.05997001499250375,True,1,5,0.01,False,False
db10_able_to_amputee,agency_vs_plain_conf_iso_budget,median_earliest_safe_s,0.15,agency_margin_tau_0.15,plain_conf_threshold_iso_budget_curve,plain_conf_threshold_matched_tau_0.15,split_id|subject_id|session,6,15,9,9,6,0.6,0.08660317460317458,0.36214285714285716,0.057825396825396815,0.4207142857142857,4.733333333333333,1,-0.04462829421593285,-0.11596250821857483,0.0,0.49325337331334335,True,2,5,0.0125,False,False
db10_able_to_amputee,agency_vs_plain_conf_iso_budget,median_earliest_safe_s,0.20,agency_margin_tau_0.20,plain_conf_threshold_iso_budget_curve,plain_conf_threshold_matched_tau_0.20,split_id|subject_id|session,4,15,11,11,4,0.7333333333333333,0.09169841269841268,0.42,0.08250793650793652,0.42,4.733333333333333,1,-0.0315384615384615,-0.0946153846153845,0.0,1.0,True,5,5,0.05,False,False
db10_able_to_amputee,agency_vs_plain_conf_iso_budget,median_earliest_stable_safe_s,0.02,agency_margin_tau_0.02,plain_conf_threshold_iso_budget_curve,plain_conf_threshold_matched_tau_0.02,split_id|subject_id|session,3,15,12,12,3,0.8,0.058126984126984124,0.12595238095238095,0.09626984126984124,0.4207142857142857,4.666666666666667,1,0.20742986182814493,0.07610619469026547,0.2813131313131314,0.2413793103448276,False,4,5,0.025,False,False
db10_able_to_amputee,agency_vs_plain_conf_iso_budget,median_earliest_stable_safe_s,0.05,agency_margin_tau_0.05,plain_conf_threshold_iso_budget_curve,plain_conf_threshold_matched_tau_0.05,split_id|subject_id|session,13,15,2,2,13,0.13333333333333333,0.08631746031746033,0.19714285714285712,0.07163492063492065,0.4207142857142857,4.666666666666667,1,0.19363624364668286,0.10854807091436922,0.2892001771049314,0.004497751124437781,False,2,5,0.0125,True,False
db10_able_to_amputee,agency_vs_plain_conf_iso_budget,median_earliest_stable_safe_s,0.10,agency_margin_tau_0.10,plain_conf_threshold_iso_budget_curve,plain_conf_threshold_matched_tau_0.10,split_id|subject_id|session,12,15,3,3,12,0.2,0.08942857142857141,0.22285714285714286,0.058301587301587306,0.4207142857142857,4.666666666666667,1,0.10782546217855819,0.06389435051008983,0.15317028985507242,0.0029985007496251873,False,1,5,0.01,True,False
db10_able_to_amputee,agency_vs_plain_conf_iso_budget,median_earliest_stable_safe_s,0.15,agency_margin_tau_0.15,plain_conf_threshold_iso_budget_curve,plain_conf_threshold_matched_tau_0.15,split_id|subject_id|session,6,15,9,9,6,0.6,0.08660317460317458,0.36214285714285716,0.057825396825396815,0.4207142857142857,4.666666666666667,1,0.09157331566341383,0.036201609879346675,0.14694502144748098,0.12843578210894552,False,3,5,0.016666666666666666,False,False
db10_able_to_amputee,agency_vs_plain_conf_iso_budget,median_earliest_stable_safe_s,0.20,agency_margin_tau_0.20,plain_conf_threshold_iso_budget_curve,plain_conf_threshold_matched_tau_0.20,split_id|subject_id|session,4,15,11,11,4,0.7333333333333333,0.09169841269841268,0.42,0.08250793650793652,0.42,4.666666666666667,1,0.08737458193979938,0.006739130434782602,0.16846153846153852,0.2613693153423288,False,5,5,0.05,False,False
db10_able_to_amputee,agency_vs_plain_conf_iso_budget,safe_episode_rate,0.02,agency_margin_tau_0.02,plain_conf_threshold_iso_budget_curve,plain_conf_threshold_matched_tau_0.02,split_id|subject_id|session,3,15,12,12,3,0.8,0.058126984126984124,0.12595238095238095,0.058126984126984124,0.12595238095238095,5.0,0,0.25933805167803986,0.233222101972102,0.28170037926675096,0.2413793103448276,True,5,5,0.05,False,False
db10_able_to_amputee,agency_vs_plain_conf_iso_budget,safe_episode_rate,0.05,agency_margin_tau_0.05,plain_conf_threshold_iso_budget_curve,plain_conf_threshold_matched_tau_0.05,split_id|subject_id|session,14,15,1,1,14,0.06666666666666667,0.08631746031746033,0.19714285714285712,0.043936507936507926,0.09261904761904766,5.0,0,0.24352379199426957,0.19760697871532265,0.28691855394891297,0.0004997501249375312,True,1,5,0.01,True,True
db10_able_to_amputee,agency_vs_plain_conf_iso_budget,safe_episode_rate,0.10,agency_margin_tau_0.10,plain_conf_threshold_iso_budget_curve,plain_conf_threshold_matched_tau_0.10,split_id|subject_id|session,12,15,3,3,12,0.2,0.08942857142857141,0.22285714285714286,0.030603174603174608,0.06952380952380954,5.0,0,0.17241061772951682,0.1214973521072775,0.22542608229384706,0.0004997501249375312,True,2,5,0.0125,True,True
db10_able_to_amputee,agency_vs_plain_conf_iso_budget,safe_episode_rate,0.15,agency_margin_tau_0.15,plain_conf_threshold_iso_budget_curve,plain_conf_threshold_matched_tau_0.15,split_id|subject_id|session,6,15,9,9,6,0.6,0.08660317460317458,0.36214285714285716,0.030126984126984124,0.1138095238095238,5.0,0,0.15414788080624317,0.11112600410332067,0.1963194073359058,0.0384807596201899,True,3,5,0.016666666666666666,False,False
db10_able_to_amputee,agency_vs_plain_conf_iso_budget,safe_episode_rate,0.20,agency_margin_tau_0.20,plain_conf_threshold_iso_budget_curve,plain_conf_threshold_matched_tau_0.20,split_id|subject_id|session,4,15,11,11,4,0.7333333333333333,0.09169841269841268,0.42,0.05480952380952382,0.1511904761904762,5.0,0,0.12329229528476242,0.09312197802197808,0.15656774427123257,0.1344327836081959,True,4,5,0.025,False,False
db10_able_to_amputee,agency_vs_plain_conf_iso_budget,stable_safe_episode_rate,0.02,agency_margin_tau_0.02,plain_conf_threshold_iso_budget_curve,plain_conf_threshold_matched_tau_0.02,split_id|subject_id|session,3,15,12,12,3,0.8,0.058126984126984124,0.12595238095238095,0.058126984126984124,0.12595238095238095,5.0,0,0.12649040437048495,0.06958874458874462,0.16683522966708808,0.2413793103448276,True,5,5,0.05,False,False
db10_able_to_amputee,agency_vs_plain_conf_iso_budget,stable_safe_episode_rate,0.05,agency_margin_tau_0.05,plain_conf_threshold_iso_budget_curve,plain_conf_threshold_matched_tau_0.05,split_id|subject_id|session,14,15,1,1,14,0.06666666666666667,0.08631746031746033,0.19714285714285712,0.043936507936507926,0.09261904761904766,5.0,0,0.07512499494871645,0.04229335303522415,0.10377343383742973,0.001999000499750125,True,1,5,0.01,True,True
db10_able_to_amputee,agency_vs_plain_conf_iso_budget,stable_safe_episode_rate,0.10,agency_margin_tau_0.10,plain_conf_threshold_iso_budget_curve,plain_conf_threshold_matched_tau_0.10,split_id|subject_id|session,12,15,3,3,12,0.2,0.08942857142857141,0.22285714285714286,0.030603174603174608,0.06952380952380954,5.0,0,0.030337663194173733,-0.0057889433490270975,0.06740455509863075,0.14442778610694654,True,3,5,0.016666666666666666,False,False
db10_able_to_amputee,agency_vs_plain_conf_iso_budget,stable_safe_episode_rate,0.15,agency_margin_tau_0.15,plain_conf_threshold_iso_budget_curve,plain_conf_threshold_matched_tau_0.15,split_id|subject_id|session,6,15,9,9,6,0.6,0.08660317460317458,0.36214285714285716,0.030126984126984124,0.1138095238095238,5.0,0,0.01840122495737931,-0.002073159244298554,0.03868173851629659,0.19890054972513743,True,4,5,0.025,False,False
db10_able_to_amputee,agency_vs_plain_conf_iso_budget,stable_safe_episode_rate,0.20,agency_margin_tau_0.20,plain_conf_threshold_iso_budget_curve,plain_conf_threshold_matched_tau_0.20,split_id|subject_id|session,4,15,11,11,4,0.7333333333333333,0.09169841269841268,0.42,0.05480952380952382,0.1511904761904762,5.0,0,0.0070378881061640974,0.002412836438923399,0.013014197842938918,0.1344327836081959,True,2,5,0.0125,False,False
db10_amputee_loso,agency_vs_plain_conf_iso_budget,final_correct_rate,0.02,agency_margin_tau_0.02,plain_conf_threshold_iso_budget_curve,plain_conf_threshold_matched_tau_0.02,split_id|subject_id|session,12,15,3,3,12,0.2,0.12006349206349205,0.27166666666666667,0.05128571428571429,0.09857142857142856,5.0,0,-0.043575756025482006,-0.06272948552884744,-0.026267700648611628,0.0029985007496251873,False,1,3,0.016666666666666666,True,False
db10_amputee_loso,agency_vs_plain_conf_iso_budget,final_correct_rate,0.05,agency_margin_tau_0.05,plain_conf_threshold_iso_budget_curve,plain_conf_threshold_matched_tau_0.05,split_id|subject_id|session,10,15,5,5,10,0.3333333333333333,0.19550793650793652,0.42595238095238097,0.04884126984126983,0.16238095238095238,5.0,0,-0.09310827374669566,-0.11828188410127649,-0.06504207107073076,0.0034982508745627187,False,2,3,0.025,True,False
db10_amputee_loso,agency_vs_plain_conf_iso_budget,final_correct_rate,0.10,agency_margin_tau_0.10,plain_conf_threshold_iso_budget_curve,plain_conf_threshold_matched_tau_0.10,split_id|subject_id|session,4,15,11,11,4,0.7333333333333333,0.2606984126984127,0.7021428571428572,0.1498888888888889,0.4923809523809524,5.0,0,-0.07275273773225806,-0.09627075406433758,-0.04658568368451248,0.1344327836081959,False,3,3,0.05,False,False
db10_amputee_loso,agency_vs_plain_conf_iso_budget,median_earliest_safe_s,0.02,agency_margin_tau_0.02,plain_conf_threshold_iso_budget_curve,plain_conf_threshold_matched_tau_0.02,split_id|subject_id|session,12,15,3,3,12,0.2,0.12006349206349205,0.27166666666666667,0.07082539682539685,0.2969047619047619,4.466666666666667,1,-0.027838348780002572,-0.09221824901046978,0.04260409601731308,0.4587706146926537,True,2,3,0.025,False,False
db10_amputee_loso,agency_vs_plain_conf_iso_budget,median_earliest_safe_s,0.05,agency_margin_tau_0.05,plain_conf_threshold_iso_budget_curve,plain_conf_threshold_matched_tau_0.05,split_id|subject_id|session,10,15,5,5,10,0.3333333333333333,0.19550793650793652,0.42595238095238097,0.06838095238095236,0.2938095238095238,4.466666666666667,1,0.07553465081505788,0.034050796753292534,0.12030453462878525,0.015992003998001,False,1,3,0.016666666666666666,True,False
db10_amputee_loso,agency_vs_plain_conf_iso_budget,median_earliest_safe_s,0.10,agency_margin_tau_0.10,plain_conf_threshold_iso_budget_curve,plain_conf_threshold_matched_tau_0.10,split_id|subject_id|session,4,15,11,11,4,0.7333333333333333,0.2606984126984127,0.7021428571428572,0.1498888888888889,0.4923809523809524,4.466666666666667,1,-0.0124862486248625,-0.0374587458745875,0.0,1.0,True,3,3,0.05,False,False
db10_amputee_loso,agency_vs_plain_conf_iso_budget,median_earliest_stable_safe_s,0.02,agency_margin_tau_0.02,plain_conf_threshold_iso_budget_curve,plain_conf_threshold_matched_tau_0.02,split_id|subject_id|session,12,15,3,3,12,0.2,0.12006349206349205,0.27166666666666667,0.07082539682539685,0.2969047619047619,4.466666666666667,1,0.2823256734398219,0.23393608111805453,0.3305977913947912,0.0004997501249375312,False,1,3,0.016666666666666666,True,False
db10_amputee_loso,agency_vs_plain_conf_iso_budget,median_earliest_stable_safe_s,0.05,agency_margin_tau_0.05,plain_conf_threshold_iso_budget_curve,plain_conf_threshold_matched_tau_0.05,split_id|subject_id|session,10,15,5,5,10,0.3333333333333333,0.19550793650793652,0.42595238095238097,0.06838095238095236,0.2938095238095238,4.466666666666667,1,0.21632999308972956,0.1552671241058425,0.2667192026975299,0.0074962518740629685,False,2,3,0.025,True,False
db10_amputee_loso,agency_vs_plain_conf_iso_budget,median_earliest_stable_safe_s,0.10,agency_margin_tau_0.10,plain_conf_threshold_iso_budget_curve,plain_conf_threshold_matched_tau_0.10,split_id|subject_id|session,4,15,11,11,4,0.7333333333333333,0.2606984126984127,0.7021428571428572,0.1498888888888889,0.4923809523809524,4.466666666666667,1,0.20513570259464967,0.16254125412541245,0.25286585365853653,0.1344327836081959,False,3,3,0.05,False,False
db10_amputee_loso,agency_vs_plain_conf_iso_budget,safe_episode_rate,0.02,agency_margin_tau_0.02,plain_conf_threshold_iso_budget_curve,plain_conf_threshold_matched_tau_0.02,split_id|subject_id|session,12,15,3,3,12,0.2,0.12006349206349205,0.27166666666666667,0.05128571428571429,0.09857142857142856,5.0,0,0.1920302851353549,0.162088625121422,0.2239720329360545,0.0004997501249375312,True,1,3,0.016666666666666666,True,True
db10_amputee_loso,agency_vs_plain_conf_iso_budget,safe_episode_rate,0.05,agency_margin_tau_0.05,plain_conf_threshold_iso_budget_curve,plain_conf_threshold_matched_tau_0.05,split_id|subject_id|session,10,15,5,5,10,0.3333333333333333,0.19550793650793652,0.42595238095238097,0.04884126984126983,0.16238095238095238,5.0,0,0.167283795060936,0.12267902475762442,0.22882641435928347,0.0034982508745627187,True,2,3,0.025,True,True
db10_amputee_loso,agency_vs_plain_conf_iso_budget,safe_episode_rate,0.10,agency_margin_tau_0.10,plain_conf_threshold_iso_budget_curve,plain_conf_threshold_matched_tau_0.10,split_id|subject_id|session,4,15,11,11,4,0.7333333333333333,0.2606984126984127,0.7021428571428572,0.1498888888888889,0.4923809523809524,5.0,0,0.13026555945205118,0.06421461239863174,0.22363463495259947,0.1344327836081959,True,3,3,0.05,False,False
db10_amputee_loso,agency_vs_plain_conf_iso_budget,stable_safe_episode_rate,0.02,agency_margin_tau_0.02,plain_conf_threshold_iso_budget_curve,plain_conf_threshold_matched_tau_0.02,split_id|subject_id|session,12,15,3,3,12,0.2,0.12006349206349205,0.27166666666666667,0.05128571428571429,0.09857142857142856,5.0,0,0.05230981970691052,0.030092953733253443,0.07675739032039691,0.0024987506246876563,True,1,3,0.016666666666666666,True,True
db10_amputee_loso,agency_vs_plain_conf_iso_budget,stable_safe_episode_rate,0.05,agency_margin_tau_0.05,plain_conf_threshold_iso_budget_curve,plain_conf_threshold_matched_tau_0.05,split_id|subject_id|session,10,15,5,5,10,0.3333333333333333,0.19550793650793652,0.42595238095238097,0.04884126984126983,0.16238095238095238,5.0,0,-0.002536538574581289,-0.0421427667310537,0.04539527343361129,0.92103948025987,False,3,3,0.05,False,False
db10_amputee_loso,agency_vs_plain_conf_iso_budget,stable_safe_episode_rate,0.10,agency_margin_tau_0.10,plain_conf_threshold_iso_budget_curve,plain_conf_threshold_matched_tau_0.10,split_id|subject_id|session,4,15,11,11,4,0.7333333333333333,0.2606984126984127,0.7021428571428572,0.1498888888888889,0.4923809523809524,5.0,0,-0.011568166143112513,-0.04520734847611352,0.024740205558086148,0.7561219390304847,False,2,3,0.025,False,False
db10_mixed_to_amputee,agency_vs_plain_conf_iso_budget,final_correct_rate,0.02,agency_margin_tau_0.02,plain_conf_threshold_iso_budget_curve,plain_conf_threshold_matched_tau_0.02,split_id|subject_id|session,11,15,4,4,11,0.26666666666666666,0.10623809523809524,0.21357142857142855,0.04187301587301587,0.17714285714285713,5.0,0,-0.07707595103121129,-0.10948573101826889,-0.04446021325191271,0.004997501249375313,False,2,3,0.025,True,False
db10_mixed_to_amputee,agency_vs_plain_conf_iso_budget,final_correct_rate,0.05,agency_margin_tau_0.05,plain_conf_threshold_iso_budget_curve,plain_conf_threshold_matched_tau_0.05,split_id|subject_id|session,11,15,4,4,11,0.26666666666666666,0.18774603174603174,0.41809523809523813,0.05311111111111111,0.2907142857142857,5.0,0,-0.11724237131310078,-0.14623025807380352,-0.08396735065069078,0.0009995002498750624,False,1,3,0.016666666666666666,True,False
db10_mixed_to_amputee,agency_vs_plain_conf_iso_budget,final_correct_rate,0.10,agency_margin_tau_0.10,plain_conf_threshold_iso_budget_curve,plain_conf_threshold_matched_tau_0.10,split_id|subject_id|session,4,15,11,11,4,0.7333333333333333,0.21453968253968253,0.6580952380952382,0.11077777777777778,0.5954761904761905,5.0,0,-0.0754910515201094,-0.10309298413924159,-0.04840805935750908,0.1344327836081959,False,3,3,0.05,False,False
db10_mixed_to_amputee,agency_vs_plain_conf_iso_budget,median_earliest_safe_s,0.02,agency_margin_tau_0.02,plain_conf_threshold_iso_budget_curve,plain_conf_threshold_matched_tau_0.02,split_id|subject_id|session,11,15,4,4,11,0.26666666666666666,0.10623809523809524,0.21357142857142855,0.05492063492063493,0.37285714285714283,4.866666666666666,0,0.0156080892294174,-0.02948922851504593,0.0629370964861393,0.6006996501749126,False,2,3,0.025,False,False
db10_mixed_to_amputee,agency_vs_plain_conf_iso_budget,median_earliest_safe_s,0.05,agency_margin_tau_0.05,plain_conf_threshold_iso_budget_curve,plain_conf_threshold_matched_tau_0.05,split_id|subject_id|session,11,15,4,4,11,0.26666666666666666,0.18774603174603174,0.41809523809523813,0.06615873015873015,0.37238095238095237,4.866666666666666,0,0.06230389171916988,0.020198228799943492,0.10927598165332769,0.02948525737131434,False,1,3,0.016666666666666666,False,False
db10_mixed_to_amputee,agency_vs_plain_conf_iso_budget,median_earliest_safe_s,0.10,agency_margin_tau_0.10,plain_conf_threshold_iso_budget_curve,plain_conf_threshold_matched_tau_0.10,split_id|subject_id|session,4,15,11,11,4,0.7333333333333333,0.21453968253968253,0.6580952380952382,0.12382539682539682,0.5954761904761905,4.866666666666666,0,-0.031233243967828422,-0.09369973190348527,0.0,1.0,True,3,3,0.05,False,False
db10_mixed_to_amputee,agency_vs_plain_conf_iso_budget,median_earliest_stable_safe_s,0.02,agency_margin_tau_0.02,plain_conf_threshold_iso_budget_curve,plain_conf_threshold_matched_tau_0.02,split_id|subject_id|session,11,15,4,4,11,0.26666666666666666,0.10623809523809524,0.21357142857142855,0.05492063492063493,0.37285714285714283,4.866666666666666,0,0.24938160976472498,0.1615500832847223,0.33995337586757224,0.001999000499750125,False,2,3,0.025,True,False
db10_mixed_to_amputee,agency_vs_plain_conf_iso_budget,median_earliest_stable_safe_s,0.05,agency_margin_tau_0.05,plain_conf_threshold_iso_budget_curve,plain_conf_threshold_matched_tau_0.05,split_id|subject_id|session,11,15,4,4,11,0.26666666666666666,0.18774603174603174,0.41809523809523813,0.06615873015873015,0.37238095238095237,4.866666666666666,0,0.2792476107148724,0.21872009170142195,0.34081210661964045,0.0009995002498750624,False,1,3,0.016666666666666666,True,False
db10_mixed_to_amputee,agency_vs_plain_conf_iso_budget,median_earliest_stable_safe_s,0.10,agency_margin_tau_0.10,plain_conf_threshold_iso_budget_curve,plain_conf_threshold_matched_tau_0.10,split_id|subject_id|session,4,15,11,11,4,0.7333333333333333,0.21453968253968253,0.6580952380952382,0.12382539682539682,0.5954761904761905,4.866666666666666,0,0.20729307182164525,0.16557894736842105,0.2563002680965147,0.1344327836081959,False,3,3,0.05,False,False
db10_mixed_to_amputee,agency_vs_plain_conf_iso_budget,safe_episode_rate,0.02,agency_margin_tau_0.02,plain_conf_threshold_iso_budget_curve,plain_conf_threshold_matched_tau_0.02,split_id|subject_id|session,11,15,4,4,11,0.26666666666666666,0.10623809523809524,0.21357142857142855,0.04187301587301587,0.17714285714285713,5.0,0,0.20870134050121647,0.1651614531108518,0.24883553964316202,0.0009995002498750624,True,1,3,0.016666666666666666,True,True
db10_mixed_to_amputee,agency_vs_plain_conf_iso_budget,safe_episode_rate,0.05,agency_margin_tau_0.05,plain_conf_threshold_iso_budget_curve,plain_conf_threshold_matched_tau_0.05,split_id|subject_id|session,11,15,4,4,11,0.26666666666666666,0.18774603174603174,0.41809523809523813,0.05311111111111111,0.2907142857142857,5.0,0,0.1417633392706663,0.09732968392749848,0.19018019500430694,0.0009995002498750624,True,2,3,0.025,True,True
db10_mixed_to_amputee,agency_vs_plain_conf_iso_budget,safe_episode_rate,0.10,agency_margin_tau_0.10,plain_conf_threshold_iso_budget_curve,plain_conf_threshold_matched_tau_0.10,split_id|subject_id|session,4,15,11,11,4,0.7333333333333333,0.21453968253968253,0.6580952380952382,0.11077777777777778,0.5954761904761905,5.0,0,0.09496589058266203,0.07452028999892463,0.11541149116639943,0.1344327836081959,True,3,3,0.05,False,False
db10_mixed_to_amputee,agency_vs_plain_conf_iso_budget,stable_safe_episode_rate,0.02,agency_margin_tau_0.02,plain_conf_threshold_iso_budget_curve,plain_conf_threshold_matched_tau_0.02,split_id|subject_id|session,11,15,4,4,11,0.26666666666666666,0.10623809523809524,0.21357142857142855,0.04187301587301587,0.17714285714285713,5.0,0,0.05086067644595262,0.018017442967854926,0.08285877672174297,0.015992003998001,True,1,3,0.016666666666666666,True,True
db10_mixed_to_amputee,agency_vs_plain_conf_iso_budget,stable_safe_episode_rate,0.05,agency_margin_tau_0.05,plain_conf_threshold_iso_budget_curve,plain_conf_threshold_matched_tau_0.05,split_id|subject_id|session,11,15,4,4,11,0.26666666666666666,0.18774603174603174,0.41809523809523813,0.05311111111111111,0.2907142857142857,5.0,0,-0.03137178614857767,-0.07128727036145636,0.013572819272487277,0.2353823088455772,False,3,3,0.05,False,False
db10_mixed_to_amputee,agency_vs_plain_conf_iso_budget,stable_safe_episode_rate,0.10,agency_margin_tau_0.10,plain_conf_threshold_iso_budget_curve,plain_conf_threshold_matched_tau_0.10,split_id|subject_id|session,4,15,11,11,4,0.7333333333333333,0.21453968253968253,0.6580952380952382,0.11077777777777778,0.5954761904761905,5.0,0,-0.037779422118792524,-0.059489056800416856,-0.01867530421227337,0.1344327836081959,False,2,3,0.025,False,False

