dataset_id,split_family,comparison_family,tau,policy_a,policy_b_same_tau,policy_b,split_id,subject_id,session,selected_threshold,target_intervention_rate,selected_intervention_rate,intervention_rate_gap,exact_budget_match,candidate_threshold_count,trace_count,disagreement_trace_count,max_attainable_intervention_rate
db10,db10_able_to_amputee,agency_vs_plain_conf_exact_budget,0.02,agency_margin_tau_0.02,plain_conf_threshold_matched_tau_0.02,plain_conf_threshold_exact_budget_tau_0.02,db10_able_to_amputee|S101,S101,ex1,0.8953091544836365,0.23,0.22714285714285715,0.0028571428571428636,False,203,4200,3204,0.7628571428571429
db10,db10_able_to_amputee,agency_vs_plain_conf_exact_budget,0.02,agency_margin_tau_0.02,plain_conf_threshold_matched_tau_0.02,plain_conf_threshold_exact_budget_tau_0.02,db10_able_to_amputee|S102,S102,ex1,0.8003881001562838,0.27476190476190476,0.2761904761904762,0.0014285714285714457,False,203,4200,3462,0.8242857142857143
db10,db10_able_to_amputee,agency_vs_plain_conf_exact_budget,0.02,agency_margin_tau_0.02,plain_conf_threshold_matched_tau_0.02,plain_conf_threshold_exact_budget_tau_0.02,db10_able_to_amputee|S103,S103,ex1,0.8953091544836365,0.1711904761904762,0.17357142857142857,0.0023809523809523725,False,203,4200,3272,0.7790476190476191
db10,db10_able_to_amputee,agency_vs_plain_conf_exact_budget,0.02,agency_margin_tau_0.02,plain_conf_threshold_matched_tau_0.02,plain_conf_threshold_exact_budget_tau_0.02,db10_able_to_amputee|S104,S104,ex1,0.8585450418282574,0.24952380952380954,0.2511904761904762,0.0016666666666666496,False,203,4200,3315,0.7892857142857143
db10,db10_able_to_amputee,agency_vs_plain_conf_exact_budget,0.02,agency_margin_tau_0.02,plain_conf_threshold_matched_tau_0.02,plain_conf_threshold_exact_budget_tau_0.02,db10_able_to_amputee|S105,S105,ex1,0.9149407606295747,0.11738095238095238,0.11880952380952381,0.0014285714285714318,False,203,4200,3599,0.856904761904762
db10,db10_able_to_amputee,agency_vs_plain_conf_exact_budget,0.02,agency_margin_tau_0.02,plain_conf_threshold_matched_tau_0.02,plain_conf_threshold_exact_budget_tau_0.02,db10_able_to_amputee|S106,S106,ex1,0.9287763594302245,0.11166666666666666,0.10976190476190475,0.001904761904761909,False,203,4200,3532,0.840952380952381
db10,db10_able_to_amputee,agency_vs_plain_conf_exact_budget,0.02,agency_margin_tau_0.02,plain_conf_threshold_matched_tau_0.02,plain_conf_threshold_exact_budget_tau_0.02,db10_able_to_amputee|S107,S107,ex1,0.865197334195216,0.20404761904761906,0.20785714285714285,0.0038095238095237904,False,203,4200,3565,0.8488095238095238
db10,db10_able_to_amputee,agency_vs_plain_conf_exact_budget,0.02,agency_margin_tau_0.02,plain_conf_threshold_matched_tau_0.02,plain_conf_threshold_exact_budget_tau_0.02,db10_able_to_amputee|S108,S108,ex1,1.01,0.0,0.0,0.0,True,203,4200,4200,1.0
db10,db10_able_to_amputee,agency_vs_plain_conf_exact_budget,0.02,agency_margin_tau_0.02,plain_conf_threshold_matched_tau_0.02,plain_conf_threshold_exact_budget_tau_0.02,db10_able_to_amputee|S109,S109,ex1,0.8752446181412283,0.17476190476190476,0.17285714285714285,0.001904761904761909,False,203,4200,3254,0.7747619047619048
db10,db10_able_to_amputee,agency_vs_plain_conf_exact_budget,0.02,agency_margin_tau_0.02,plain_conf_threshold_matched_tau_0.02,plain_conf_threshold_exact_budget_tau_0.02,db10_able_to_amputee|S110,S110,ex1,0.8552240547298485,0.06333333333333334,0.06452380952380952,0.0011904761904761862,False,203,4200,3144,0.7485714285714286
db10,db10_able_to_amputee,agency_vs_plain_conf_exact_budget,0.02,agency_margin_tau_0.02,plain_conf_threshold_matched_tau_0.02,plain_conf_threshold_exact_budget_tau_0.02,db10_able_to_amputee|S111,S111,ex1,0.9149407606295747,0.1473809523809524,0.14761904761904762,0.0002380952380952317,False,203,4200,3407,0.8111904761904762
db10,db10_able_to_amputee,agency_vs_plain_conf_exact_budget,0.02,agency_margin_tau_0.02,plain_conf_threshold_matched_tau_0.02,plain_conf_threshold_exact_budget_tau_0.02,db10_able_to_amputee|S112,S112,ex1,0.8003881001562838,0.24095238095238095,0.24357142857142858,0.002619047619047632,False,203,4200,3422,0.8147619047619048
db10,db10_able_to_amputee,agency_vs_plain_conf_exact_budget,0.02,agency_margin_tau_0.02,plain_conf_threshold_matched_tau_0.02,plain_conf_threshold_exact_budget_tau_0.02,db10_able_to_amputee|S113,S113,ex1,0.8040169912086779,0.19404761904761905,0.19238095238095237,0.0016666666666666774,False,203,4200,3705,0.8821428571428571
db10,db10_able_to_amputee,agency_vs_plain_conf_exact_budget,0.02,agency_margin_tau_0.02,plain_conf_threshold_matched_tau_0.02,plain_conf_threshold_exact_budget_tau_0.02,db10_able_to_amputee|S114,S114,ex1,0.9287763594302245,0.06690476190476191,0.06857142857142857,0.0016666666666666635,False,203,4200,2696,0.6419047619047619
db10,db10_able_to_amputee,agency_vs_plain_conf_exact_budget,0.02,agency_margin_tau_0.02,plain_conf_threshold_matched_tau_0.02,plain_conf_threshold_exact_budget_tau_0.02,db10_able_to_amputee|S115,S115,ex1,0.8752446181412283,0.20714285714285716,0.20238095238095238,0.004761904761904773,False,203,4200,2972,0.7076190476190476
db10,db10_able_to_amputee,agency_vs_plain_conf_exact_budget,0.05,agency_margin_tau_0.05,plain_conf_threshold_matched_tau_0.05,plain_conf_threshold_exact_budget_tau_0.05,db10_able_to_amputee|S101,S101,ex1,0.7589155939477206,0.4154761904761905,0.4154761904761905,0.0,True,203,4200,3204,0.7628571428571429
db10,db10_able_to_amputee,agency_vs_plain_conf_exact_budget,0.05,agency_margin_tau_0.05,plain_conf_threshold_matched_tau_0.05,plain_conf_threshold_exact_budget_tau_0.05,db10_able_to_amputee|S102,S102,ex1,0.6034504575823606,0.51,0.5119047619047619,0.0019047619047618536,False,203,4200,3462,0.8242857142857143
db10,db10_able_to_amputee,agency_vs_plain_conf_exact_budget,0.05,agency_margin_tau_0.05,plain_conf_threshold_matched_tau_0.05,plain_conf_threshold_exact_budget_tau_0.05,db10_able_to_amputee|S103,S103,ex1,0.7867135113210186,0.33214285714285713,0.32857142857142857,0.0035714285714285587,False,203,4200,3272,0.7790476190476191
db10,db10_able_to_amputee,agency_vs_plain_conf_exact_budget,0.05,agency_margin_tau_0.05,plain_conf_threshold_matched_tau_0.05,plain_conf_threshold_exact_budget_tau_0.05,db10_able_to_amputee|S104,S104,ex1,0.6805506533010584,0.46,0.4604761904761905,0.0004761904761904634,False,203,4200,3315,0.7892857142857143
db10,db10_able_to_amputee,agency_vs_plain_conf_exact_budget,0.05,agency_margin_tau_0.05,plain_conf_threshold_matched_tau_0.05,plain_conf_threshold_exact_budget_tau_0.05,db10_able_to_amputee|S105,S105,ex1,0.8143061201863127,0.27,0.26880952380952383,0.0011904761904761862,False,203,4200,3599,0.856904761904762
db10,db10_able_to_amputee,agency_vs_plain_conf_exact_budget,0.05,agency_margin_tau_0.05,plain_conf_threshold_matched_tau_0.05,plain_conf_threshold_exact_budget_tau_0.05,db10_able_to_amputee|S106,S106,ex1,0.834987698718421,0.27904761904761904,0.2783333333333333,0.0007142857142857229,False,203,4200,3532,0.840952380952381
db10,db10_able_to_amputee,agency_vs_plain_conf_exact_budget,0.05,agency_margin_tau_0.05,plain_conf_threshold_matched_tau_0.05,plain_conf_threshold_exact_budget_tau_0.05,db10_able_to_amputee|S107,S107,ex1,0.7315946818810873,0.43523809523809526,0.43476190476190474,0.0004761904761905189,False,203,4200,3565,0.8488095238095238
db10,db10_able_to_amputee,agency_vs_plain_conf_exact_budget,0.05,agency_margin_tau_0.05,plain_conf_threshold_matched_tau_0.05,plain_conf_threshold_exact_budget_tau_0.05,db10_able_to_amputee|S108,S108,ex1,1.01,0.0,0.0,0.0,True,203,4200,4200,1.0
db10,db10_able_to_amputee,agency_vs_plain_conf_exact_budget,0.05,agency_margin_tau_0.05,plain_conf_threshold_matched_tau_0.05,plain_conf_threshold_exact_budget_tau_0.05,db10_able_to_amputee|S109,S109,ex1,0.748567503481067,0.35619047619047617,0.3557142857142857,0.0004761904761904634,False,203,4200,3254,0.7747619047619048
db10,db10_able_to_amputee,agency_vs_plain_conf_exact_budget,0.05,agency_margin_tau_0.05,plain_conf_threshold_matched_tau_0.05,plain_conf_threshold_exact_budget_tau_0.05,db10_able_to_amputee|S110,S110,ex1,0.7589155939477206,0.15904761904761905,0.16023809523809524,0.0011904761904761862,False,203,4200,3144,0.7485714285714286
db10,db10_able_to_amputee,agency_vs_plain_conf_exact_budget,0.05,agency_margin_tau_0.05,plain_conf_threshold_matched_tau_0.05,plain_conf_threshold_exact_budget_tau_0.05,db10_able_to_amputee|S111,S111,ex1,0.7762844902250945,0.3433333333333333,0.3426190476190476,0.0007142857142857229,False,203,4200,3407,0.8111904761904762
db10,db10_able_to_amputee,agency_vs_plain_conf_exact_budget,0.05,agency_margin_tau_0.05,plain_conf_threshold_matched_tau_0.05,plain_conf_threshold_exact_budget_tau_0.05,db10_able_to_amputee|S112,S112,ex1,0.638717843928989,0.4711904761904762,0.47,0.0011904761904762418,False,203,4200,3422,0.8147619047619048
db10,db10_able_to_amputee,agency_vs_plain_conf_exact_budget,0.05,agency_margin_tau_0.05,plain_conf_threshold_matched_tau_0.05,plain_conf_threshold_exact_budget_tau_0.05,db10_able_to_amputee|S113,S113,ex1,0.6034504575823606,0.5102380952380953,0.5123809523809524,0.002142857142857113,False,203,4200,3705,0.8821428571428571
db10,db10_able_to_amputee,agency_vs_plain_conf_exact_budget,0.05,agency_margin_tau_0.05,plain_conf_threshold_matched_tau_0.05,plain_conf_threshold_exact_budget_tau_0.05,db10_able_to_amputee|S114,S114,ex1,0.8419530918776401,0.18404761904761904,0.18285714285714286,0.0011904761904761862,False,203,4200,2696,0.6419047619047619
db10,db10_able_to_amputee,agency_vs_plain_conf_exact_budget,0.05,agency_margin_tau_0.05,plain_conf_threshold_matched_tau_0.05,plain_conf_threshold_exact_budget_tau_0.05,db10_able_to_amputee|S115,S115,ex1,0.7112007368457155,0.48857142857142855,0.4876190476190476,0.0009523809523809268,False,203,4200,2972,0.7076190476190476
db10,db10_able_to_amputee,agency_vs_plain_conf_exact_budget,0.10,agency_margin_tau_0.10,plain_conf_threshold_matched_tau_0.10,plain_conf_threshold_exact_budget_tau_0.10,db10_able_to_amputee|S101,S101,ex1,0.6197128531352661,0.5530952380952381,0.554047619047619,0.0009523809523809268,False,203,4200,3204,0.7628571428571429
db10,db10_able_to_amputee,agency_vs_plain_conf_exact_budget,0.10,agency_margin_tau_0.10,plain_conf_threshold_matched_tau_0.10,plain_conf_threshold_exact_budget_tau_0.10,db10_able_to_amputee|S102,S102,ex1,0.46100169136328356,0.6845238095238095,0.685,0.0004761904761905189,False,203,4200,3462,0.8242857142857143
db10,db10_able_to_amputee,agency_vs_plain_conf_exact_budget,0.10,agency_margin_tau_0.10,plain_conf_threshold_matched_tau_0.10,plain_conf_threshold_exact_budget_tau_0.10,db10_able_to_amputee|S103,S103,ex1,0.6706201493724263,0.47214285714285714,0.4704761904761905,0.0016666666666666496,False,203,4200,3272,0.7790476190476191
db10,db10_able_to_amputee,agency_vs_plain_conf_exact_budget,0.10,agency_margin_tau_0.10,plain_conf_threshold_matched_tau_0.10,plain_conf_threshold_exact_budget_tau_0.10,db10_able_to_amputee|S104,S104,ex1,0.5509106059705,0.6035714285714285,0.6033333333333334,0.00023809523809514843,False,203,4200,3315,0.7892857142857143
db10,db10_able_to_amputee,agency_vs_plain_conf_exact_budget,0.10,agency_margin_tau_0.10,plain_conf_threshold_matched_tau_0.10,plain_conf_threshold_exact_budget_tau_0.10,db10_able_to_amputee|S105,S105,ex1,0.6874901285592713,0.4607142857142857,0.4614285714285714,0.0007142857142857229,False,203,4200,3599,0.856904761904762
db10,db10_able_to_amputee,agency_vs_plain_conf_exact_budget,0.10,agency_margin_tau_0.10,plain_conf_threshold_matched_tau_0.10,plain_conf_threshold_exact_budget_tau_0.10,db10_able_to_amputee|S106,S106,ex1,0.6805506533010584,0.5161904761904762,0.5147619047619048,0.0014285714285714457,False,203,4200,3532,0.840952380952381
db10,db10_able_to_amputee,agency_vs_plain_conf_exact_budget,0.10,agency_margin_tau_0.10,plain_conf_threshold_matched_tau_0.10,plain_conf_threshold_exact_budget_tau_0.10,db10_able_to_amputee|S107,S107,ex1,0.5414931981111878,0.6466666666666666,0.6452380952380953,0.0014285714285713347,False,203,4200,3565,0.8488095238095238
db10,db10_able_to_amputee,agency_vs_plain_conf_exact_budget,0.10,agency_margin_tau_0.10,plain_conf_threshold_matched_tau_0.10,plain_conf_threshold_exact_budget_tau_0.10,db10_able_to_amputee|S108,S108,ex1,1.01,0.0,0.0,0.0,True,203,4200,4200,1.0
db10,db10_able_to_amputee,agency_vs_plain_conf_exact_budget,0.10,agency_margin_tau_0.10,plain_conf_threshold_matched_tau_0.10,plain_conf_threshold_exact_budget_tau_0.10,db10_able_to_amputee|S109,S109,ex1,0.5628948655515423,0.5507142857142857,0.5526190476190476,0.0019047619047618536,False,203,4200,3254,0.7747619047619048
db10,db10_able_to_amputee,agency_vs_plain_conf_exact_budget,0.10,agency_margin_tau_0.10,plain_conf_threshold_matched_tau_0.10,plain_conf_threshold_exact_budget_tau_0.10,db10_able_to_amputee|S110,S110,ex1,0.609869982603389,0.36,0.3585714285714286,0.0014285714285713902,False,203,4200,3144,0.7485714285714286
db10,db10_able_to_amputee,agency_vs_plain_conf_exact_budget,0.10,agency_margin_tau_0.10,plain_conf_threshold_matched_tau_0.10,plain_conf_threshold_exact_budget_tau_0.10,db10_able_to_amputee|S111,S111,ex1,0.6354165551853675,0.5092857142857142,0.5102380952380953,0.0009523809523810378,False,203,4200,3407,0.8111904761904762
db10,db10_able_to_amputee,agency_vs_plain_conf_exact_budget,0.10,agency_margin_tau_0.10,plain_conf_threshold_matched_tau_0.10,plain_conf_threshold_exact_budget_tau_0.10,db10_able_to_amputee|S112,S112,ex1,0.520678510442667,0.6159523809523809,0.616904761904762,0.0009523809523810378,False,203,4200,3422,0.8147619047619048
db10,db10_able_to_amputee,agency_vs_plain_conf_exact_budget,0.10,agency_margin_tau_0.10,plain_conf_threshold_matched_tau_0.10,plain_conf_threshold_exact_budget_tau_0.10,db10_able_to_amputee|S113,S113,ex1,0.4578679825574819,0.7209523809523809,0.7185714285714285,0.0023809523809523725,False,203,4200,3705,0.8821428571428571
db10,db10_able_to_amputee,agency_vs_plain_conf_exact_budget,0.10,agency_margin_tau_0.10,plain_conf_threshold_matched_tau_0.10,plain_conf_threshold_exact_budget_tau_0.10,db10_able_to_amputee|S114,S114,ex1,0.6874901285592713,0.33380952380952383,0.33380952380952383,0.0,True,203,4200,2696,0.6419047619047619
db10,db10_able_to_amputee,agency_vs_plain_conf_exact_budget,0.10,agency_margin_tau_0.10,plain_conf_threshold_matched_tau_0.10,plain_conf_threshold_exact_budget_tau_0.10,db10_able_to_amputee|S115,S115,ex1,0.5176578193452527,0.6295238095238095,0.6297619047619047,0.00023809523809525945,False,203,4200,2972,0.7076190476190476
db10,db10_able_to_amputee,agency_vs_plain_conf_exact_budget,0.15,agency_margin_tau_0.15,plain_conf_threshold_matched_tau_0.15,plain_conf_threshold_exact_budget_tau_0.15,db10_able_to_amputee|S101,S101,ex1,0.5324762425953766,0.6357142857142857,0.6342857142857142,0.0014285714285714457,False,203,4200,3204,0.7628571428571429
db10,db10_able_to_amputee,agency_vs_plain_conf_exact_budget,0.15,agency_margin_tau_0.15,plain_conf_threshold_matched_tau_0.15,plain_conf_threshold_exact_budget_tau_0.15,db10_able_to_amputee|S102,S102,ex1,0.37609976721484795,0.7626190476190476,0.7623809523809524,0.00023809523809525945,False,203,4200,3462,0.8242857142857143
db10,db10_able_to_amputee,agency_vs_plain_conf_exact_budget,0.15,agency_margin_tau_0.15,plain_conf_threshold_matched_tau_0.15,plain_conf_threshold_exact_budget_tau_0.15,db10_able_to_amputee|S103,S103,ex1,0.6197128531352661,0.5264285714285715,0.5269047619047619,0.0004761904761904079,False,203,4200,3272,0.7790476190476191
db10,db10_able_to_amputee,agency_vs_plain_conf_exact_budget,0.15,agency_margin_tau_0.15,plain_conf_threshold_matched_tau_0.15,plain_conf_threshold_exact_budget_tau_0.15,db10_able_to_amputee|S104,S104,ex1,0.489438819691418,0.6707142857142857,0.6680952380952381,0.002619047619047632,False,203,4200,3315,0.7892857142857143
db10,db10_able_to_amputee,agency_vs_plain_conf_exact_budget,0.15,agency_margin_tau_0.15,plain_conf_threshold_matched_tau_0.15,plain_conf_threshold_exact_budget_tau_0.15,db10_able_to_amputee|S105,S105,ex1,0.5875525304501122,0.5995238095238096,0.6009523809523809,0.0014285714285713347,False,203,4200,3599,0.856904761904762
db10,db10_able_to_amputee,agency_vs_plain_conf_exact_budget,0.15,agency_margin_tau_0.15,plain_conf_threshold_matched_tau_0.15,plain_conf_threshold_exact_budget_tau_0.15,db10_able_to_amputee|S106,S106,ex1,0.5784541892604628,0.6335714285714286,0.6342857142857142,0.0007142857142856673,False,203,4200,3532,0.840952380952381
db10,db10_able_to_amputee,agency_vs_plain_conf_exact_budget,0.15,agency_margin_tau_0.15,plain_conf_threshold_matched_tau_0.15,plain_conf_threshold_exact_budget_tau_0.15,db10_able_to_amputee|S107,S107,ex1,0.4638264516007999,0.7421428571428571,0.7440476190476191,0.0019047619047619646,False,203,4200,3565,0.8488095238095238
db10,db10_able_to_amputee,agency_vs_plain_conf_exact_budget,0.15,agency_margin_tau_0.15,plain_conf_threshold_matched_tau_0.15,plain_conf_threshold_exact_budget_tau_0.15,db10_able_to_amputee|S108,S108,ex1,1.01,0.0,0.0,0.0,True,203,4200,4200,1.0
db10,db10_able_to_amputee,agency_vs_plain_conf_exact_budget,0.15,agency_margin_tau_0.15,plain_conf_threshold_matched_tau_0.15,plain_conf_threshold_exact_budget_tau_0.15,db10_able_to_amputee|S109,S109,ex1,0.47790282997236244,0.6645238095238095,0.6638095238095238,0.0007142857142856673,False,203,4200,3254,0.7747619047619048
db10,db10_able_to_amputee,agency_vs_plain_conf_exact_budget,0.15,agency_margin_tau_0.15,plain_conf_threshold_matched_tau_0.15,plain_conf_threshold_exact_budget_tau_0.15,db10_able_to_amputee|S110,S110,ex1,0.489438819691418,0.5240476190476191,0.5240476190476191,0.0,True,203,4200,3144,0.7485714285714286
db10,db10_able_to_amputee,agency_vs_plain_conf_exact_budget,0.15,agency_margin_tau_0.15,plain_conf_threshold_matched_tau_0.15,plain_conf_threshold_exact_budget_tau_0.15,db10_able_to_amputee|S111,S111,ex1,0.5538761310613001,0.611904761904762,0.6135714285714285,0.0016666666666665941,False,203,4200,3407,0.8111904761904762
db10,db10_able_to_amputee,agency_vs_plain_conf_exact_budget,0.15,agency_margin_tau_0.15,plain_conf_threshold_matched_tau_0.15,plain_conf_threshold_exact_budget_tau_0.15,db10_able_to_amputee|S112,S112,ex1,0.4837078882533491,0.6695238095238095,0.670952380952381,0.0014285714285714457,False,203,4200,3422,0.8147619047619048
db10,db10_able_to_amputee,agency_vs_plain_conf_exact_budget,0.15,agency_margin_tau_0.15,plain_conf_threshold_matched_tau_0.15,plain_conf_threshold_exact_budget_tau_0.15,db10_able_to_amputee|S113,S113,ex1,0.4120938176780353,0.78,0.7780952380952381,0.0019047619047619646,False,203,4200,3705,0.8821428571428571
db10,db10_able_to_amputee,agency_vs_plain_conf_exact_budget,0.15,agency_margin_tau_0.15,plain_conf_threshold_matched_tau_0.15,plain_conf_threshold_exact_budget_tau_0.15,db10_able_to_amputee|S114,S114,ex1,0.5176578193452527,0.4888095238095238,0.48904761904761906,0.00023809523809525945,False,203,4200,2696,0.6419047619047619
db10,db10_able_to_amputee,agency_vs_plain_conf_exact_budget,0.15,agency_margin_tau_0.15,plain_conf_threshold_matched_tau_0.15,plain_conf_threshold_exact_budget_tau_0.15,db10_able_to_amputee|S115,S115,ex1,0.364768580928888,0.6930952380952381,0.6926190476190476,0.0004761904761905189,False,203,4200,2972,0.7076190476190476
db10,db10_able_to_amputee,agency_vs_plain_conf_exact_budget,0.20,agency_margin_tau_0.20,plain_conf_threshold_matched_tau_0.20,plain_conf_threshold_exact_budget_tau_0.20,db10_able_to_amputee|S101,S101,ex1,0.4666587447612893,0.6969047619047619,0.6978571428571428,0.0009523809523809268,False,203,4200,3204,0.7628571428571429
db10,db10_able_to_amputee,agency_vs_plain_conf_exact_budget,0.20,agency_margin_tau_0.20,plain_conf_threshold_matched_tau_0.20,plain_conf_threshold_exact_budget_tau_0.20,db10_able_to_amputee|S102,S102,ex1,0.29019894003064317,0.8,0.7978571428571428,0.002142857142857224,False,203,4200,3462,0.8242857142857143
db10,db10_able_to_amputee,agency_vs_plain_conf_exact_budget,0.20,agency_margin_tau_0.20,plain_conf_threshold_matched_tau_0.20,plain_conf_threshold_exact_budget_tau_0.20,db10_able_to_amputee|S103,S103,ex1,0.5753264898878859,0.5685714285714286,0.5704761904761905,0.0019047619047618536,False,203,4200,3272,0.7790476190476191
db10,db10_able_to_amputee,agency_vs_plain_conf_exact_budget,0.20,agency_margin_tau_0.20,plain_conf_threshold_matched_tau_0.20,plain_conf_threshold_exact_budget_tau_0.20,db10_able_to_amputee|S104,S104,ex1,0.44162617511384,0.7197619047619047,0.7214285714285714,0.0016666666666667052,False,203,4200,3315,0.7892857142857143
db10,db10_able_to_amputee,agency_vs_plain_conf_exact_budget,0.20,agency_margin_tau_0.20,plain_conf_threshold_matched_tau_0.20,plain_conf_threshold_exact_budget_tau_0.20,db10_able_to_amputee|S105,S105,ex1,0.5063655555568312,0.7119047619047619,0.7097619047619048,0.002142857142857113,False,203,4200,3599,0.856904761904762
db10,db10_able_to_amputee,agency_vs_plain_conf_exact_budget,0.20,agency_margin_tau_0.20,plain_conf_threshold_matched_tau_0.20,plain_conf_threshold_exact_budget_tau_0.20,db10_able_to_amputee|S106,S106,ex1,0.520678510442667,0.7057142857142857,0.7069047619047619,0.0011904761904761862,False,203,4200,3532,0.840952380952381
db10,db10_able_to_amputee,agency_vs_plain_conf_exact_budget,0.20,agency_margin_tau_0.20,plain_conf_threshold_matched_tau_0.20,plain_conf_threshold_exact_budget_tau_0.20,db10_able_to_amputee|S107,S107,ex1,0.4235772305053006,0.7828571428571428,0.7833333333333333,0.0004761904761905189,False,203,4200,3565,0.8488095238095238
db10,db10_able_to_amputee,agency_vs_plain_conf_exact_budget,0.20,agency_margin_tau_0.20,plain_conf_threshold_matched_tau_0.20,plain_conf_threshold_exact_budget_tau_0.20,db10_able_to_amputee|S108,S108,ex1,0.9216422696831044,0.0007142857142857143,0.0007142857142857143,0.0,True,203,4200,4200,1.0
db10,db10_able_to_amputee,agency_vs_plain_conf_exact_budget,0.20,agency_margin_tau_0.20,plain_conf_threshold_matched_tau_0.20,plain_conf_threshold_exact_budget_tau_0.20,db10_able_to_amputee|S109,S109,ex1,0.4235772305053006,0.7242857142857143,0.7223809523809523,0.0019047619047619646,False,203,4200,3254,0.7747619047619048
db10,db10_able_to_amputee,agency_vs_plain_conf_exact_budget,0.20,agency_margin_tau_0.20,plain_conf_threshold_matched_tau_0.20,plain_conf_threshold_exact_budget_tau_0.20,db10_able_to_amputee|S110,S110,ex1,0.4345910167353431,0.6033333333333334,0.6047619047619047,0.0014285714285713347,False,203,4200,3144,0.7485714285714286
db10,db10_able_to_amputee,agency_vs_plain_conf_exact_budget,0.20,agency_margin_tau_0.20,plain_conf_threshold_matched_tau_0.20,plain_conf_threshold_exact_budget_tau_0.20,db10_able_to_amputee|S111,S111,ex1,0.5036230429781174,0.6783333333333333,0.6778571428571428,0.0004761904761905189,False,203,4200,3407,0.8111904761904762
db10,db10_able_to_amputee,agency_vs_plain_conf_exact_budget,0.20,agency_margin_tau_0.20,plain_conf_threshold_matched_tau_0.20,plain_conf_threshold_exact_budget_tau_0.20,db10_able_to_amputee|S112,S112,ex1,0.4578679825574819,0.7030952380952381,0.7045238095238096,0.0014285714285714457,False,203,4200,3422,0.8147619047619048
db10,db10_able_to_amputee,agency_vs_plain_conf_exact_budget,0.20,agency_margin_tau_0.20,plain_conf_threshold_matched_tau_0.20,plain_conf_threshold_exact_budget_tau_0.20,db10_able_to_amputee|S113,S113,ex1,0.38126430501063613,0.8121428571428572,0.8119047619047619,0.00023809523809525945,False,203,4200,3705,0.8821428571428571
db10,db10_able_to_amputee,agency_vs_plain_conf_exact_budget,0.20,agency_margin_tau_0.20,plain_conf_threshold_matched_tau_0.20,plain_conf_threshold_exact_budget_tau_0.20,db10_able_to_amputee|S114,S114,ex1,0.37609976721484795,0.5923809523809523,0.5935714285714285,0.0011904761904761862,False,203,4200,2696,0.6419047619047619
db10,db10_able_to_amputee,agency_vs_plain_conf_exact_budget,0.20,agency_margin_tau_0.20,plain_conf_threshold_matched_tau_0.20,plain_conf_threshold_exact_budget_tau_0.20,db10_able_to_amputee|S115,S115,ex1,0.29801874211057183,0.7014285714285714,0.7011904761904761,0.00023809523809525945,False,203,4200,2972,0.7076190476190476
db10,db10_amputee_loso,agency_vs_plain_conf_exact_budget,0.02,agency_margin_tau_0.02,plain_conf_threshold_matched_tau_0.02,plain_conf_threshold_exact_budget_tau_0.02,db10_amputee_loso|S101,S101,ex1,0.8552240547298485,0.2311904761904762,0.23023809523809524,0.0009523809523809545,False,203,4200,3186,0.7585714285714286
db10,db10_amputee_loso,agency_vs_plain_conf_exact_budget,0.02,agency_margin_tau_0.02,plain_conf_threshold_matched_tau_0.02,plain_conf_threshold_exact_budget_tau_0.02,db10_amputee_loso|S102,S102,ex1,0.6706201493724263,0.2180952380952381,0.21880952380952381,0.0007142857142857229,False,203,4200,3021,0.7192857142857143
db10,db10_amputee_loso,agency_vs_plain_conf_exact_budget,0.02,agency_margin_tau_0.02,plain_conf_threshold_matched_tau_0.02,plain_conf_threshold_exact_budget_tau_0.02,db10_amputee_loso|S103,S103,ex1,0.7348721840082549,0.31976190476190475,0.31785714285714284,0.001904761904761909,False,203,4200,3187,0.7588095238095238
db10,db10_amputee_loso,agency_vs_plain_conf_exact_budget,0.02,agency_margin_tau_0.02,plain_conf_threshold_matched_tau_0.02,plain_conf_threshold_exact_budget_tau_0.02,db10_amputee_loso|S104,S104,ex1,0.7730724975675197,0.21,0.20761904761904762,0.0023809523809523725,False,203,4200,3255,0.775
db10,db10_amputee_loso,agency_vs_plain_conf_exact_budget,0.02,agency_margin_tau_0.02,plain_conf_threshold_matched_tau_0.02,plain_conf_threshold_exact_budget_tau_0.02,db10_amputee_loso|S105,S105,ex1,0.7589155939477206,0.11357142857142857,0.11357142857142857,0.0,True,203,4200,3193,0.7602380952380953
db10,db10_amputee_loso,agency_vs_plain_conf_exact_budget,0.02,agency_margin_tau_0.02,plain_conf_threshold_matched_tau_0.02,plain_conf_threshold_exact_budget_tau_0.02,db10_amputee_loso|S106,S106,ex1,0.8682937273640416,0.08761904761904762,0.08571428571428572,0.001904761904761909,False,203,4200,3667,0.8730952380952381
db10,db10_amputee_loso,agency_vs_plain_conf_exact_budget,0.02,agency_margin_tau_0.02,plain_conf_threshold_matched_tau_0.02,plain_conf_threshold_exact_budget_tau_0.02,db10_amputee_loso|S107,S107,ex1,0.6874901285592713,0.23976190476190476,0.24047619047619048,0.0007142857142857229,False,203,4200,3485,0.8297619047619048
db10,db10_amputee_loso,agency_vs_plain_conf_exact_budget,0.02,agency_margin_tau_0.02,plain_conf_threshold_matched_tau_0.02,plain_conf_threshold_exact_budget_tau_0.02,db10_amputee_loso|S108,S108,ex1,1.01,0.0,0.0,0.0,True,203,4200,4200,1.0
db10,db10_amputee_loso,agency_vs_plain_conf_exact_budget,0.02,agency_margin_tau_0.02,plain_conf_threshold_matched_tau_0.02,plain_conf_threshold_exact_budget_tau_0.02,db10_amputee_loso|S109,S109,ex1,0.8003881001562838,0.1895238095238095,0.18904761904761905,0.0004761904761904634,False,203,4200,3075,0.7321428571428571
db10,db10_amputee_loso,agency_vs_plain_conf_exact_budget,0.02,agency_margin_tau_0.02,plain_conf_threshold_matched_tau_0.02,plain_conf_threshold_exact_budget_tau_0.02,db10_amputee_loso|S110,S110,ex1,0.8040169912086779,0.13047619047619047,0.13142857142857142,0.0009523809523809545,False,203,4200,3666,0.8728571428571429
db10,db10_amputee_loso,agency_vs_plain_conf_exact_budget,0.02,agency_margin_tau_0.02,plain_conf_threshold_matched_tau_0.02,plain_conf_threshold_exact_budget_tau_0.02,db10_amputee_loso|S111,S111,ex1,0.7450865846093245,0.18071428571428572,0.18142857142857144,0.0007142857142857229,False,203,4200,3257,0.7754761904761904
db10,db10_amputee_loso,agency_vs_plain_conf_exact_budget,0.02,agency_margin_tau_0.02,plain_conf_threshold_matched_tau_0.02,plain_conf_threshold_exact_budget_tau_0.02,db10_amputee_loso|S112,S112,ex1,0.6291473098195508,0.3426190476190476,0.34404761904761905,0.0014285714285714457,False,203,4200,3077,0.7326190476190476
db10,db10_amputee_loso,agency_vs_plain_conf_exact_budget,0.02,agency_margin_tau_0.02,plain_conf_threshold_matched_tau_0.02,plain_conf_threshold_exact_budget_tau_0.02,db10_amputee_loso|S113,S113,ex1,0.6773118523331456,0.19952380952380952,0.20214285714285715,0.002619047619047632,False,203,4200,3535,0.8416666666666667
db10,db10_amputee_loso,agency_vs_plain_conf_exact_budget,0.02,agency_margin_tau_0.02,plain_conf_threshold_matched_tau_0.02,plain_conf_threshold_exact_budget_tau_0.02,db10_amputee_loso|S114,S114,ex1,0.6354165551853675,0.13333333333333333,0.13380952380952382,0.00047619047619049115,False,203,4200,3567,0.8492857142857143
db10,db10_amputee_loso,agency_vs_plain_conf_exact_budget,0.02,agency_margin_tau_0.02,plain_conf_threshold_matched_tau_0.02,plain_conf_threshold_exact_budget_tau_0.02,db10_amputee_loso|S115,S115,ex1,0.471934243845933,0.06,0.05452380952380952,0.005476190476190475,False,203,4200,4139,0.9854761904761905
db10,db10_amputee_loso,agency_vs_plain_conf_exact_budget,0.05,agency_margin_tau_0.05,plain_conf_threshold_matched_tau_0.05,plain_conf_threshold_exact_budget_tau_0.05,db10_amputee_loso|S101,S101,ex1,0.7112007368457155,0.43857142857142856,0.4388095238095238,0.00023809523809525945,False,203,4200,3186,0.7585714285714286
db10,db10_amputee_loso,agency_vs_plain_conf_exact_budget,0.05,agency_margin_tau_0.05,plain_conf_threshold_matched_tau_0.05,plain_conf_threshold_exact_budget_tau_0.05,db10_amputee_loso|S102,S102,ex1,0.43102893660406805,0.5464285714285714,0.5447619047619048,0.0016666666666665941,False,203,4200,3021,0.7192857142857143
db10,db10_amputee_loso,agency_vs_plain_conf_exact_budget,0.05,agency_margin_tau_0.05,plain_conf_threshold_matched_tau_0.05,plain_conf_threshold_exact_budget_tau_0.05,db10_amputee_loso|S103,S103,ex1,0.509172221157574,0.5964285714285714,0.5976190476190476,0.0011904761904761862,False,203,4200,3187,0.7588095238095238
db10,db10_amputee_loso,agency_vs_plain_conf_exact_budget,0.05,agency_margin_tau_0.05,plain_conf_threshold_matched_tau_0.05,plain_conf_threshold_exact_budget_tau_0.05,db10_amputee_loso|S104,S104,ex1,0.6165281083328368,0.439047619047619,0.4407142857142857,0.0016666666666667052,False,203,4200,3255,0.775
db10,db10_amputee_loso,agency_vs_plain_conf_exact_budget,0.05,agency_margin_tau_0.05,plain_conf_threshold_matched_tau_0.05,plain_conf_threshold_exact_budget_tau_0.05,db10_amputee_loso|S105,S105,ex1,0.6511925572057322,0.28476190476190477,0.285,0.00023809523809520394,False,203,4200,3193,0.7602380952380953
db10,db10_amputee_loso,agency_vs_plain_conf_exact_budget,0.05,agency_margin_tau_0.05,plain_conf_threshold_matched_tau_0.05,plain_conf_threshold_exact_budget_tau_0.05,db10_amputee_loso|S106,S106,ex1,0.7797565829071128,0.24095238095238095,0.24119047619047618,0.0002380952380952317,False,203,4200,3667,0.8730952380952381
db10,db10_amputee_loso,agency_vs_plain_conf_exact_budget,0.05,agency_margin_tau_0.05,plain_conf_threshold_matched_tau_0.05,plain_conf_threshold_exact_budget_tau_0.05,db10_amputee_loso|S107,S107,ex1,0.5385699132699631,0.4988095238095238,0.4969047619047619,0.001904761904761909,False,203,4200,3485,0.8297619047619048
db10,db10_amputee_loso,agency_vs_plain_conf_exact_budget,0.05,agency_margin_tau_0.05,plain_conf_threshold_matched_tau_0.05,plain_conf_threshold_exact_budget_tau_0.05,db10_amputee_loso|S108,S108,ex1,0.865197334195216,0.0030952380952380953,0.0033333333333333335,0.0002380952380952382,False,203,4200,4200,1.0
db10,db10_amputee_loso,agency_vs_plain_conf_exact_budget,0.05,agency_margin_tau_0.05,plain_conf_threshold_matched_tau_0.05,plain_conf_threshold_exact_budget_tau_0.05,db10_amputee_loso|S109,S109,ex1,0.6197128531352661,0.44,0.4392857142857143,0.0007142857142857229,False,203,4200,3075,0.7321428571428571
db10,db10_amputee_loso,agency_vs_plain_conf_exact_budget,0.05,agency_margin_tau_0.05,plain_conf_threshold_matched_tau_0.05,plain_conf_threshold_exact_budget_tau_0.05,db10_amputee_loso|S110,S110,ex1,0.6943429209095525,0.3254761904761905,0.32666666666666666,0.0011904761904761862,False,203,4200,3666,0.8728571428571429
db10,db10_amputee_loso,agency_vs_plain_conf_exact_budget,0.05,agency_margin_tau_0.05,plain_conf_threshold_matched_tau_0.05,plain_conf_threshold_exact_budget_tau_0.05,db10_amputee_loso|S111,S111,ex1,0.5722088917711584,0.42547619047619045,0.4230952380952381,0.0023809523809523725,False,203,4200,3257,0.7754761904761904
db10,db10_amputee_loso,agency_vs_plain_conf_exact_budget,0.05,agency_margin_tau_0.05,plain_conf_threshold_matched_tau_0.05,plain_conf_threshold_exact_budget_tau_0.05,db10_amputee_loso|S112,S112,ex1,0.4837078882533491,0.5628571428571428,0.5645238095238095,0.0016666666666667052,False,203,4200,3077,0.7326190476190476
db10,db10_amputee_loso,agency_vs_plain_conf_exact_budget,0.05,agency_margin_tau_0.05,plain_conf_threshold_matched_tau_0.05,plain_conf_threshold_exact_budget_tau_0.05,db10_amputee_loso|S113,S113,ex1,0.47498848389488924,0.5719047619047619,0.5738095238095238,0.0019047619047618536,False,203,4200,3535,0.8416666666666667
db10,db10_amputee_loso,agency_vs_plain_conf_exact_budget,0.05,agency_margin_tau_0.05,plain_conf_threshold_matched_tau_0.05,plain_conf_threshold_exact_budget_tau_0.05,db10_amputee_loso|S114,S114,ex1,0.5385699132699631,0.32095238095238093,0.32285714285714284,0.001904761904761909,False,203,4200,3567,0.8492857142857143
db10,db10_amputee_loso,agency_vs_plain_conf_exact_budget,0.05,agency_margin_tau_0.05,plain_conf_threshold_matched_tau_0.05,plain_conf_threshold_exact_budget_tau_0.05,db10_amputee_loso|S115,S115,ex1,0.44162617511384,0.20023809523809524,0.19690476190476192,0.003333333333333327,False,203,4200,4139,0.9854761904761905
db10,db10_amputee_loso,agency_vs_plain_conf_exact_budget,0.10,agency_margin_tau_0.10,plain_conf_threshold_matched_tau_0.10,plain_conf_threshold_exact_budget_tau_0.10,db10_amputee_loso|S101,S101,ex1,0.5354672569781486,0.6145238095238095,0.6152380952380953,0.0007142857142857784,False,203,4200,3186,0.7585714285714286
db10,db10_amputee_loso,agency_vs_plain_conf_exact_budget,0.10,agency_margin_tau_0.10,plain_conf_threshold_matched_tau_0.10,plain_conf_threshold_exact_budget_tau_0.10,db10_amputee_loso|S102,S102,ex1,0.2557580436586108,0.695,0.6961904761904761,0.0011904761904761862,False,203,4200,3021,0.7192857142857143
db10,db10_amputee_loso,agency_vs_plain_conf_exact_budget,0.10,agency_margin_tau_0.10,plain_conf_threshold_matched_tau_0.10,plain_conf_threshold_exact_budget_tau_0.10,db10_amputee_loso|S103,S103,ex1,0.3528000623526784,0.7459523809523809,0.7452380952380953,0.0007142857142856673,False,203,4200,3187,0.7588095238095238
db10,db10_amputee_loso,agency_vs_plain_conf_exact_budget,0.10,agency_margin_tau_0.10,plain_conf_threshold_matched_tau_0.10,plain_conf_threshold_exact_budget_tau_0.10,db10_amputee_loso|S104,S104,ex1,0.4979894337452935,0.6073809523809524,0.6057142857142858,0.0016666666666665941,False,203,4200,3255,0.775
db10,db10_amputee_loso,agency_vs_plain_conf_exact_budget,0.10,agency_margin_tau_0.10,plain_conf_threshold_matched_tau_0.10,plain_conf_threshold_exact_budget_tau_0.10,db10_amputee_loso|S105,S105,ex1,0.46932061468697434,0.539047619047619,0.5395238095238095,0.0004761904761905189,False,203,4200,3193,0.7602380952380953
db10,db10_amputee_loso,agency_vs_plain_conf_exact_budget,0.10,agency_margin_tau_0.10,plain_conf_threshold_matched_tau_0.10,plain_conf_threshold_exact_budget_tau_0.10,db10_amputee_loso|S106,S106,ex1,0.6131095737017374,0.5230952380952381,0.5252380952380953,0.002142857142857224,False,203,4200,3667,0.8730952380952381
db10,db10_amputee_loso,agency_vs_plain_conf_exact_budget,0.10,agency_margin_tau_0.10,plain_conf_threshold_matched_tau_0.10,plain_conf_threshold_exact_budget_tau_0.10,db10_amputee_loso|S107,S107,ex1,0.43102893660406805,0.6966666666666667,0.6930952380952381,0.0035714285714285587,False,203,4200,3485,0.8297619047619048
db10,db10_amputee_loso,agency_vs_plain_conf_exact_budget,0.10,agency_margin_tau_0.10,plain_conf_threshold_matched_tau_0.10,plain_conf_threshold_exact_budget_tau_0.10,db10_amputee_loso|S108,S108,ex1,0.14132664413225407,0.9990476190476191,1.0,0.0009523809523809268,False,203,4200,4200,1.0
db10,db10_amputee_loso,agency_vs_plain_conf_exact_budget,0.10,agency_margin_tau_0.10,plain_conf_threshold_matched_tau_0.10,plain_conf_threshold_exact_budget_tau_0.10,db10_amputee_loso|S109,S109,ex1,0.4546984034809091,0.6478571428571429,0.6476190476190476,0.00023809523809525945,False,203,4200,3075,0.7321428571428571
db10,db10_amputee_loso,agency_vs_plain_conf_exact_budget,0.10,agency_margin_tau_0.10,plain_conf_threshold_matched_tau_0.10,plain_conf_threshold_exact_budget_tau_0.10,db10_amputee_loso|S110,S110,ex1,0.5324762425953766,0.5678571428571428,0.5688095238095238,0.0009523809523809268,False,203,4200,3666,0.8728571428571429
db10,db10_amputee_loso,agency_vs_plain_conf_exact_budget,0.10,agency_margin_tau_0.10,plain_conf_threshold_matched_tau_0.10,plain_conf_threshold_exact_budget_tau_0.10,db10_amputee_loso|S111,S111,ex1,0.4159936306838496,0.6523809523809524,0.6540476190476191,0.0016666666666667052,False,203,4200,3257,0.7754761904761904
db10,db10_amputee_loso,agency_vs_plain_conf_exact_budget,0.10,agency_margin_tau_0.10,plain_conf_threshold_matched_tau_0.10,plain_conf_threshold_exact_budget_tau_0.10,db10_amputee_loso|S112,S112,ex1,0.3708241741831122,0.6942857142857143,0.694047619047619,0.00023809523809525945,False,203,4200,3077,0.7326190476190476
db10,db10_amputee_loso,agency_vs_plain_conf_exact_budget,0.10,agency_margin_tau_0.10,plain_conf_threshold_matched_tau_0.10,plain_conf_threshold_exact_budget_tau_0.10,db10_amputee_loso|S113,S113,ex1,0.33085001215468973,0.775952380952381,0.7778571428571428,0.0019047619047618536,False,203,4200,3535,0.8416666666666667
db10,db10_amputee_loso,agency_vs_plain_conf_exact_budget,0.10,agency_margin_tau_0.10,plain_conf_threshold_matched_tau_0.10,plain_conf_threshold_exact_budget_tau_0.10,db10_amputee_loso|S114,S114,ex1,0.4196492585121768,0.59,0.5923809523809523,0.0023809523809523725,False,203,4200,3567,0.8492857142857143
db10,db10_amputee_loso,agency_vs_plain_conf_exact_budget,0.10,agency_margin_tau_0.10,plain_conf_threshold_matched_tau_0.10,plain_conf_threshold_exact_budget_tau_0.10,db10_amputee_loso|S115,S115,ex1,0.3149636223121157,0.5302380952380953,0.5019047619047619,0.028333333333333433,False,203,4200,4139,0.9854761904761905
db10,db10_amputee_loso,agency_vs_plain_conf_exact_budget,0.15,agency_margin_tau_0.15,plain_conf_threshold_matched_tau_0.15,plain_conf_threshold_exact_budget_tau_0.15,db10_amputee_loso|S101,S101,ex1,0.45137447531068947,0.6935714285714286,0.6933333333333334,0.00023809523809525945,False,203,4200,3186,0.7585714285714286
db10,db10_amputee_loso,agency_vs_plain_conf_exact_budget,0.15,agency_margin_tau_0.15,plain_conf_threshold_matched_tau_0.15,plain_conf_threshold_exact_budget_tau_0.15,db10_amputee_loso|S102,S102,ex1,0.20878248960385565,0.715952380952381,0.7173809523809523,0.0014285714285713347,False,203,4200,3021,0.7192857142857143
db10,db10_amputee_loso,agency_vs_plain_conf_exact_budget,0.15,agency_margin_tau_0.15,plain_conf_threshold_matched_tau_0.15,plain_conf_threshold_exact_budget_tau_0.15,db10_amputee_loso|S103,S103,ex1,0.27400937370191286,0.758095238095238,0.7583333333333333,0.00023809523809525945,False,203,4200,3187,0.7588095238095238
db10,db10_amputee_loso,agency_vs_plain_conf_exact_budget,0.15,agency_margin_tau_0.15,plain_conf_threshold_matched_tau_0.15,plain_conf_threshold_exact_budget_tau_0.15,db10_amputee_loso|S104,S104,ex1,0.4159936306838496,0.7121428571428572,0.7121428571428572,0.0,True,203,4200,3255,0.775
db10,db10_amputee_loso,agency_vs_plain_conf_exact_budget,0.15,agency_margin_tau_0.15,plain_conf_threshold_matched_tau_0.15,plain_conf_threshold_exact_budget_tau_0.15,db10_amputee_loso|S105,S105,ex1,0.33904234402085,0.7038095238095238,0.7052380952380952,0.0014285714285714457,False,203,4200,3193,0.7602380952380953
db10,db10_amputee_loso,agency_vs_plain_conf_exact_budget,0.15,agency_margin_tau_0.15,plain_conf_threshold_matched_tau_0.15,plain_conf_threshold_exact_budget_tau_0.15,db10_amputee_loso|S106,S106,ex1,0.4921987947470538,0.7019047619047619,0.7007142857142857,0.0011904761904761862,False,203,4200,3667,0.8730952380952381
db10,db10_amputee_loso,agency_vs_plain_conf_exact_budget,0.15,agency_margin_tau_0.15,plain_conf_threshold_matched_tau_0.15,plain_conf_threshold_exact_budget_tau_0.15,db10_amputee_loso|S107,S107,ex1,0.3528000623526784,0.784047619047619,0.7830952380952381,0.0009523809523809268,False,203,4200,3485,0.8297619047619048
db10,db10_amputee_loso,agency_vs_plain_conf_exact_budget,0.15,agency_margin_tau_0.15,plain_conf_threshold_matched_tau_0.15,plain_conf_threshold_exact_budget_tau_0.15,db10_amputee_loso|S108,S108,ex1,0.14132664413225407,1.0,1.0,0.0,True,203,4200,4200,1.0
db10,db10_amputee_loso,agency_vs_plain_conf_exact_budget,0.15,agency_margin_tau_0.15,plain_conf_threshold_matched_tau_0.15,plain_conf_threshold_exact_budget_tau_0.15,db10_amputee_loso|S109,S109,ex1,0.34635193979940615,0.7173809523809523,0.7185714285714285,0.0011904761904761862,False,203,4200,3075,0.7321428571428571
db10,db10_amputee_loso,agency_vs_plain_conf_exact_budget,0.15,agency_margin_tau_0.15,plain_conf_threshold_matched_tau_0.15,plain_conf_threshold_exact_budget_tau_0.15,db10_amputee_loso|S110,S110,ex1,0.4080472404594067,0.7326190476190476,0.7342857142857143,0.0016666666666667052,False,203,4200,3666,0.8728571428571429
db10,db10_amputee_loso,agency_vs_plain_conf_exact_budget,0.15,agency_margin_tau_0.15,plain_conf_threshold_matched_tau_0.15,plain_conf_threshold_exact_budget_tau_0.15,db10_amputee_loso|S111,S111,ex1,0.29019894003064317,0.7583333333333333,0.7583333333333333,0.0,True,203,4200,3257,0.7754761904761904
db10,db10_amputee_loso,agency_vs_plain_conf_exact_budget,0.15,agency_margin_tau_0.15,plain_conf_threshold_matched_tau_0.15,plain_conf_threshold_exact_budget_tau_0.15,db10_amputee_loso|S112,S112,ex1,0.29019894003064317,0.7283333333333334,0.7276190476190476,0.0007142857142857784,False,203,4200,3077,0.7326190476190476
db10,db10_amputee_loso,agency_vs_plain_conf_exact_budget,0.15,agency_margin_tau_0.15,plain_conf_threshold_matched_tau_0.15,plain_conf_threshold_exact_budget_tau_0.15,db10_amputee_loso|S113,S113,ex1,0.23457074190974936,0.8292857142857143,0.8288095238095238,0.0004761904761905189,False,203,4200,3535,0.8416666666666667
db10,db10_amputee_loso,agency_vs_plain_conf_exact_budget,0.15,agency_margin_tau_0.15,plain_conf_threshold_matched_tau_0.15,plain_conf_threshold_exact_budget_tau_0.15,db10_amputee_loso|S114,S114,ex1,0.34635193979940615,0.7402380952380953,0.7416666666666667,0.0014285714285714457,False,203,4200,3567,0.8492857142857143
db10,db10_amputee_loso,agency_vs_plain_conf_exact_budget,0.15,agency_margin_tau_0.15,plain_conf_threshold_matched_tau_0.15,plain_conf_threshold_exact_budget_tau_0.15,db10_amputee_loso|S115,S115,ex1,0.29801874211057183,0.8811904761904762,0.8852380952380953,0.004047619047619078,False,203,4200,4139,0.9854761904761905
db10,db10_amputee_loso,agency_vs_plain_conf_exact_budget,0.20,agency_margin_tau_0.20,plain_conf_threshold_matched_tau_0.20,plain_conf_threshold_exact_budget_tau_0.20,db10_amputee_loso|S101,S101,ex1,0.39984207708961705,0.7235714285714285,0.7228571428571429,0.0007142857142856673,False,203,4200,3186,0.7585714285714286
db10,db10_amputee_loso,agency_vs_plain_conf_exact_budget,0.20,agency_margin_tau_0.20,plain_conf_threshold_matched_tau_0.20,plain_conf_threshold_exact_budget_tau_0.20,db10_amputee_loso|S102,S102,ex1,0.14132664413225407,0.719047619047619,0.7192857142857143,0.00023809523809525945,False,203,4200,3021,0.7192857142857143
db10,db10_amputee_loso,agency_vs_plain_conf_exact_budget,0.20,agency_margin_tau_0.20,plain_conf_threshold_matched_tau_0.20,plain_conf_threshold_exact_budget_tau_0.20,db10_amputee_loso|S103,S103,ex1,0.2557580436586108,0.7588095238095238,0.7588095238095238,0.0,True,203,4200,3187,0.7588095238095238
db10,db10_amputee_loso,agency_vs_plain_conf_exact_budget,0.20,agency_margin_tau_0.20,plain_conf_threshold_matched_tau_0.20,plain_conf_threshold_exact_budget_tau_0.20,db10_amputee_loso|S104,S104,ex1,0.3528000623526784,0.7547619047619047,0.7564285714285715,0.0016666666666667052,False,203,4200,3255,0.775
db10,db10_amputee_loso,agency_vs_plain_conf_exact_budget,0.20,agency_margin_tau_0.20,plain_conf_threshold_matched_tau_0.20,plain_conf_threshold_exact_budget_tau_0.20,db10_amputee_loso|S105,S105,ex1,0.27400937370191286,0.7504761904761905,0.7485714285714286,0.0019047619047619646,False,203,4200,3193,0.7602380952380953
db10,db10_amputee_loso,agency_vs_plain_conf_exact_budget,0.20,agency_margin_tau_0.20,plain_conf_threshold_matched_tau_0.20,plain_conf_threshold_exact_budget_tau_0.20,db10_amputee_loso|S106,S106,ex1,0.4120938176780353,0.7995238095238095,0.7995238095238095,0.0,True,203,4200,3667,0.8730952380952381
db10,db10_amputee_loso,agency_vs_plain_conf_exact_budget,0.20,agency_margin_tau_0.20,plain_conf_threshold_matched_tau_0.20,plain_conf_threshold_exact_budget_tau_0.20,db10_amputee_loso|S107,S107,ex1,0.29019894003064317,0.8142857142857143,0.815,0.0007142857142856673,False,203,4200,3485,0.8297619047619048
db10,db10_amputee_loso,agency_vs_plain_conf_exact_budget,0.20,agency_margin_tau_0.20,plain_conf_threshold_matched_tau_0.20,plain_conf_threshold_exact_budget_tau_0.20,db10_amputee_loso|S108,S108,ex1,0.14132664413225407,1.0,1.0,0.0,True,203,4200,4200,1.0
db10,db10_amputee_loso,agency_vs_plain_conf_exact_budget,0.20,agency_margin_tau_0.20,plain_conf_threshold_matched_tau_0.20,plain_conf_threshold_exact_budget_tau_0.20,db10_amputee_loso|S109,S109,ex1,0.29019894003064317,0.7297619047619047,0.73,0.00023809523809525945,False,203,4200,3075,0.7321428571428571
db10,db10_amputee_loso,agency_vs_plain_conf_exact_budget,0.20,agency_margin_tau_0.20,plain_conf_threshold_matched_tau_0.20,plain_conf_threshold_exact_budget_tau_0.20,db10_amputee_loso|S110,S110,ex1,0.3149636223121157,0.8252380952380952,0.8242857142857143,0.0009523809523809268,False,203,4200,3666,0.8728571428571429
db10,db10_amputee_loso,agency_vs_plain_conf_exact_budget,0.20,agency_margin_tau_0.20,plain_conf_threshold_matched_tau_0.20,plain_conf_threshold_exact_budget_tau_0.20,db10_amputee_loso|S111,S111,ex1,0.23457074190974936,0.7728571428571429,0.7730952380952381,0.00023809523809514843,False,203,4200,3257,0.7754761904761904
db10,db10_amputee_loso,agency_vs_plain_conf_exact_budget,0.20,agency_margin_tau_0.20,plain_conf_threshold_matched_tau_0.20,plain_conf_threshold_exact_budget_tau_0.20,db10_amputee_loso|S112,S112,ex1,0.23457074190974936,0.7323809523809524,0.7323809523809524,0.0,True,203,4200,3077,0.7326190476190476
db10,db10_amputee_loso,agency_vs_plain_conf_exact_budget,0.20,agency_margin_tau_0.20,plain_conf_threshold_matched_tau_0.20,plain_conf_threshold_exact_budget_tau_0.20,db10_amputee_loso|S113,S113,ex1,0.14132664413225407,0.8397619047619047,0.8416666666666667,0.0019047619047619646,False,203,4200,3535,0.8416666666666667
db10,db10_amputee_loso,agency_vs_plain_conf_exact_budget,0.20,agency_margin_tau_0.20,plain_conf_threshold_matched_tau_0.20,plain_conf_threshold_exact_budget_tau_0.20,db10_amputee_loso|S114,S114,ex1,0.3149636223121157,0.785,0.7811904761904762,0.003809523809523818,False,203,4200,3567,0.8492857142857143
db10,db10_amputee_loso,agency_vs_plain_conf_exact_budget,0.20,agency_margin_tau_0.20,plain_conf_threshold_matched_tau_0.20,plain_conf_threshold_exact_budget_tau_0.20,db10_amputee_loso|S115,S115,ex1,0.29019894003064317,0.9747619047619047,0.9811904761904762,0.00642857142857145,False,203,4200,4139,0.9854761904761905
db10,db10_mixed_to_amputee,agency_vs_plain_conf_exact_budget,0.02,agency_margin_tau_0.02,plain_conf_threshold_matched_tau_0.02,plain_conf_threshold_exact_budget_tau_0.02,db10_mixed_to_amputee|S101,S101,ex1,0.8752446181412283,0.19476190476190477,0.19642857142857142,0.0016666666666666496,False,203,4200,2829,0.6735714285714286
db10,db10_mixed_to_amputee,agency_vs_plain_conf_exact_budget,0.02,agency_margin_tau_0.02,plain_conf_threshold_matched_tau_0.02,plain_conf_threshold_exact_budget_tau_0.02,db10_mixed_to_amputee|S102,S102,ex1,0.8072840588902542,0.17595238095238094,0.17761904761904762,0.0016666666666666774,False,203,4200,3139,0.7473809523809524
db10,db10_mixed_to_amputee,agency_vs_plain_conf_exact_budget,0.02,agency_margin_tau_0.02,plain_conf_threshold_matched_tau_0.02,plain_conf_threshold_exact_budget_tau_0.02,db10_mixed_to_amputee|S103,S103,ex1,0.8245499208388015,0.23095238095238096,0.23261904761904761,0.0016666666666666496,False,203,4200,3174,0.7557142857142857
db10,db10_mixed_to_amputee,agency_vs_plain_conf_exact_budget,0.02,agency_margin_tau_0.02,plain_conf_threshold_matched_tau_0.02,plain_conf_threshold_exact_budget_tau_0.02,db10_mixed_to_amputee|S104,S104,ex1,0.6773118523331456,0.3759523809523809,0.37666666666666665,0.0007142857142857229,False,203,4200,3119,0.7426190476190476
db10,db10_mixed_to_amputee,agency_vs_plain_conf_exact_budget,0.02,agency_margin_tau_0.02,plain_conf_threshold_matched_tau_0.02,plain_conf_threshold_exact_budget_tau_0.02,db10_mixed_to_amputee|S105,S105,ex1,0.865197334195216,0.1411904761904762,0.1438095238095238,0.002619047619047604,False,203,4200,3419,0.814047619047619
db10,db10_mixed_to_amputee,agency_vs_plain_conf_exact_budget,0.02,agency_margin_tau_0.02,plain_conf_threshold_matched_tau_0.02,plain_conf_threshold_exact_budget_tau_0.02,db10_mixed_to_amputee|S106,S106,ex1,0.834987698718421,0.1626190476190476,0.16047619047619047,0.002142857142857141,False,203,4200,3084,0.7342857142857143
db10,db10_mixed_to_amputee,agency_vs_plain_conf_exact_budget,0.02,agency_margin_tau_0.02,plain_conf_threshold_matched_tau_0.02,plain_conf_threshold_exact_budget_tau_0.02,db10_mixed_to_amputee|S107,S107,ex1,0.7146864578174146,0.32976190476190476,0.3283333333333333,0.0014285714285714457,False,203,4200,3492,0.8314285714285714
db10,db10_mixed_to_amputee,agency_vs_plain_conf_exact_budget,0.02,agency_margin_tau_0.02,plain_conf_threshold_matched_tau_0.02,plain_conf_threshold_exact_budget_tau_0.02,db10_mixed_to_amputee|S108,S108,ex1,1.01,0.0,0.0,0.0,True,203,4200,4200,1.0
db10,db10_mixed_to_amputee,agency_vs_plain_conf_exact_budget,0.02,agency_margin_tau_0.02,plain_conf_threshold_matched_tau_0.02,plain_conf_threshold_exact_budget_tau_0.02,db10_mixed_to_amputee|S109,S109,ex1,0.8040169912086779,0.21023809523809525,0.20809523809523808,0.0021428571428571686,False,203,4200,3102,0.7385714285714285
db10,db10_mixed_to_amputee,agency_vs_plain_conf_exact_budget,0.02,agency_margin_tau_0.02,plain_conf_threshold_matched_tau_0.02,plain_conf_threshold_exact_budget_tau_0.02,db10_mixed_to_amputee|S110,S110,ex1,0.7315946818810873,0.16476190476190475,0.16666666666666666,0.001904761904761909,False,203,4200,3275,0.7797619047619048
db10,db10_mixed_to_amputee,agency_vs_plain_conf_exact_budget,0.02,agency_margin_tau_0.02,plain_conf_threshold_matched_tau_0.02,plain_conf_threshold_exact_budget_tau_0.02,db10_mixed_to_amputee|S111,S111,ex1,0.8176776994849131,0.23547619047619048,0.23523809523809525,0.0002380952380952317,False,203,4200,3535,0.8416666666666667
db10,db10_mixed_to_amputee,agency_vs_plain_conf_exact_budget,0.02,agency_margin_tau_0.02,plain_conf_threshold_matched_tau_0.02,plain_conf_threshold_exact_budget_tau_0.02,db10_mixed_to_amputee|S112,S112,ex1,0.6576718939205575,0.2866666666666667,0.2873809523809524,0.0007142857142857229,False,203,4200,3036,0.7228571428571429
db10,db10_mixed_to_amputee,agency_vs_plain_conf_exact_budget,0.02,agency_margin_tau_0.02,plain_conf_threshold_matched_tau_0.02,plain_conf_threshold_exact_budget_tau_0.02,db10_mixed_to_amputee|S113,S113,ex1,0.7044477570253378,0.26785714285714285,0.2669047619047619,0.0009523809523809268,False,203,4200,3567,0.8492857142857143
db10,db10_mixed_to_amputee,agency_vs_plain_conf_exact_budget,0.02,agency_margin_tau_0.02,plain_conf_threshold_matched_tau_0.02,plain_conf_threshold_exact_budget_tau_0.02,db10_mixed_to_amputee|S114,S114,ex1,0.8518011374449342,0.18714285714285714,0.18619047619047618,0.0009523809523809545,False,203,4200,3524,0.839047619047619
db10,db10_mixed_to_amputee,agency_vs_plain_conf_exact_budget,0.02,agency_margin_tau_0.02,plain_conf_threshold_matched_tau_0.02,plain_conf_threshold_exact_budget_tau_0.02,db10_mixed_to_amputee|S115,S115,ex1,0.4865256382078954,0.19023809523809523,0.19023809523809523,0.0,True,203,4200,3815,0.9083333333333333
db10,db10_mixed_to_amputee,agency_vs_plain_conf_exact_budget,0.05,agency_margin_tau_0.05,plain_conf_threshold_matched_tau_0.05,plain_conf_threshold_exact_budget_tau_0.05,db10_mixed_to_amputee|S101,S101,ex1,0.6609192355281058,0.4088095238095238,0.4073809523809524,0.0014285714285713902,False,203,4200,2829,0.6735714285714286
db10,db10_mixed_to_amputee,agency_vs_plain_conf_exact_budget,0.05,agency_margin_tau_0.05,plain_conf_threshold_matched_tau_0.05,plain_conf_threshold_exact_budget_tau_0.05,db10_mixed_to_amputee|S102,S102,ex1,0.5628948655515423,0.4719047619047619,0.4716666666666667,0.00023809523809520394,False,203,4200,3139,0.7473809523809524
db10,db10_mixed_to_amputee,agency_vs_plain_conf_exact_budget,0.05,agency_margin_tau_0.05,plain_conf_threshold_matched_tau_0.05,plain_conf_threshold_exact_budget_tau_0.05,db10_mixed_to_amputee|S103,S103,ex1,0.6165281083328368,0.4807142857142857,0.4807142857142857,0.0,True,203,4200,3174,0.7557142857142857
db10,db10_mixed_to_amputee,agency_vs_plain_conf_exact_budget,0.05,agency_margin_tau_0.05,plain_conf_threshold_matched_tau_0.05,plain_conf_threshold_exact_budget_tau_0.05,db10_mixed_to_amputee|S104,S104,ex1,0.514765022438071,0.5823809523809523,0.5821428571428572,0.00023809523809514843,False,203,4200,3119,0.7426190476190476
db10,db10_mixed_to_amputee,agency_vs_plain_conf_exact_budget,0.05,agency_margin_tau_0.05,plain_conf_threshold_matched_tau_0.05,plain_conf_threshold_exact_budget_tau_0.05,db10_mixed_to_amputee|S105,S105,ex1,0.7077690951001617,0.36142857142857143,0.3585714285714286,0.002857142857142836,False,203,4200,3419,0.814047619047619
db10,db10_mixed_to_amputee,agency_vs_plain_conf_exact_budget,0.05,agency_margin_tau_0.05,plain_conf_threshold_matched_tau_0.05,plain_conf_threshold_exact_budget_tau_0.05,db10_mixed_to_amputee|S106,S106,ex1,0.6738653242010567,0.36238095238095236,0.36357142857142855,0.0011904761904761862,False,203,4200,3084,0.7342857142857143
db10,db10_mixed_to_amputee,agency_vs_plain_conf_exact_budget,0.05,agency_margin_tau_0.05,plain_conf_threshold_matched_tau_0.05,plain_conf_threshold_exact_budget_tau_0.05,db10_mixed_to_amputee|S107,S107,ex1,0.5385699132699631,0.5969047619047619,0.5988095238095238,0.0019047619047618536,False,203,4200,3492,0.8314285714285714
db10,db10_mixed_to_amputee,agency_vs_plain_conf_exact_budget,0.05,agency_margin_tau_0.05,plain_conf_threshold_matched_tau_0.05,plain_conf_threshold_exact_budget_tau_0.05,db10_mixed_to_amputee|S108,S108,ex1,1.01,0.0004761904761904762,0.0,0.0004761904761904762,False,203,4200,4200,1.0
db10,db10_mixed_to_amputee,agency_vs_plain_conf_exact_budget,0.05,agency_margin_tau_0.05,plain_conf_threshold_matched_tau_0.05,plain_conf_threshold_exact_budget_tau_0.05,db10_mixed_to_amputee|S109,S109,ex1,0.5844896157311861,0.4961904761904762,0.49642857142857144,0.00023809523809525945,False,203,4200,3102,0.7385714285714285
db10,db10_mixed_to_amputee,agency_vs_plain_conf_exact_budget,0.05,agency_margin_tau_0.05,plain_conf_threshold_matched_tau_0.05,plain_conf_threshold_exact_budget_tau_0.05,db10_mixed_to_amputee|S110,S110,ex1,0.5568102799249892,0.4038095238095238,0.4042857142857143,0.0004761904761905189,False,203,4200,3275,0.7797619047619048
db10,db10_mixed_to_amputee,agency_vs_plain_conf_exact_budget,0.05,agency_margin_tau_0.05,plain_conf_threshold_matched_tau_0.05,plain_conf_threshold_exact_budget_tau_0.05,db10_mixed_to_amputee|S111,S111,ex1,0.581614152726338,0.535,0.5357142857142857,0.0007142857142856673,False,203,4200,3535,0.8416666666666667
db10,db10_mixed_to_amputee,agency_vs_plain_conf_exact_budget,0.05,agency_margin_tau_0.05,plain_conf_threshold_matched_tau_0.05,plain_conf_threshold_exact_budget_tau_0.05,db10_mixed_to_amputee|S112,S112,ex1,0.489438819691418,0.5523809523809524,0.5547619047619048,0.0023809523809523725,False,203,4200,3036,0.7228571428571429
db10,db10_mixed_to_amputee,agency_vs_plain_conf_exact_budget,0.05,agency_margin_tau_0.05,plain_conf_threshold_matched_tau_0.05,plain_conf_threshold_exact_budget_tau_0.05,db10_mixed_to_amputee|S113,S113,ex1,0.44502442681971294,0.675952380952381,0.6771428571428572,0.0011904761904761862,False,203,4200,3567,0.8492857142857143
db10,db10_mixed_to_amputee,agency_vs_plain_conf_exact_budget,0.05,agency_margin_tau_0.05,plain_conf_threshold_matched_tau_0.05,plain_conf_threshold_exact_budget_tau_0.05,db10_mixed_to_amputee|S114,S114,ex1,0.697867338526677,0.3883333333333333,0.38761904761904764,0.0007142857142856673,False,203,4200,3524,0.839047619047619
db10,db10_mixed_to_amputee,agency_vs_plain_conf_exact_budget,0.05,agency_margin_tau_0.05,plain_conf_threshold_matched_tau_0.05,plain_conf_threshold_exact_budget_tau_0.05,db10_mixed_to_amputee|S115,S115,ex1,0.27400937370191286,0.4766666666666667,0.48523809523809525,0.008571428571428563,False,203,4200,3815,0.9083333333333333
db10,db10_mixed_to_amputee,agency_vs_plain_conf_exact_budget,0.10,agency_margin_tau_0.10,plain_conf_threshold_matched_tau_0.10,plain_conf_threshold_exact_budget_tau_0.10,db10_mixed_to_amputee|S101,S101,ex1,0.520678510442667,0.5442857142857143,0.5435714285714286,0.0007142857142856673,False,203,4200,2829,0.6735714285714286
db10,db10_mixed_to_amputee,agency_vs_plain_conf_exact_budget,0.10,agency_margin_tau_0.10,plain_conf_threshold_matched_tau_0.10,plain_conf_threshold_exact_budget_tau_0.10,db10_mixed_to_amputee|S102,S102,ex1,0.44502442681971294,0.6221428571428571,0.6238095238095238,0.0016666666666667052,False,203,4200,3139,0.7473809523809524
db10,db10_mixed_to_amputee,agency_vs_plain_conf_exact_budget,0.10,agency_margin_tau_0.10,plain_conf_threshold_matched_tau_0.10,plain_conf_threshold_exact_budget_tau_0.10,db10_mixed_to_amputee|S103,S103,ex1,0.4807535211922387,0.6438095238095238,0.645,0.0011904761904761862,False,203,4200,3174,0.7557142857142857
db10,db10_mixed_to_amputee,agency_vs_plain_conf_exact_budget,0.10,agency_margin_tau_0.10,plain_conf_threshold_matched_tau_0.10,plain_conf_threshold_exact_budget_tau_0.10,db10_mixed_to_amputee|S104,S104,ex1,0.39102238228956754,0.7130952380952381,0.7147619047619047,0.0016666666666665941,False,203,4200,3119,0.7426190476190476
db10,db10_mixed_to_amputee,agency_vs_plain_conf_exact_budget,0.10,agency_margin_tau_0.10,plain_conf_threshold_matched_tau_0.10,plain_conf_threshold_exact_budget_tau_0.10,db10_mixed_to_amputee|S105,S105,ex1,0.5568102799249892,0.5757142857142857,0.5742857142857143,0.0014285714285714457,False,203,4200,3419,0.814047619047619
db10,db10_mixed_to_amputee,agency_vs_plain_conf_exact_budget,0.10,agency_margin_tau_0.10,plain_conf_threshold_matched_tau_0.10,plain_conf_threshold_exact_budget_tau_0.10,db10_mixed_to_amputee|S106,S106,ex1,0.5324762425953766,0.5692857142857143,0.5678571428571428,0.0014285714285714457,False,203,4200,3084,0.7342857142857143
db10,db10_mixed_to_amputee,agency_vs_plain_conf_exact_budget,0.10,agency_margin_tau_0.10,plain_conf_threshold_matched_tau_0.10,plain_conf_threshold_exact_budget_tau_0.10,db10_mixed_to_amputee|S107,S107,ex1,0.42731971737466323,0.7471428571428571,0.7480952380952381,0.0009523809523810378,False,203,4200,3492,0.8314285714285714
db10,db10_mixed_to_amputee,agency_vs_plain_conf_exact_budget,0.10,agency_margin_tau_0.10,plain_conf_threshold_matched_tau_0.10,plain_conf_threshold_exact_budget_tau_0.10,db10_mixed_to_amputee|S108,S108,ex1,0.984361306611485,0.02095238095238095,0.006666666666666667,0.014285714285714284,False,203,4200,4200,1.0
db10,db10_mixed_to_amputee,agency_vs_plain_conf_exact_budget,0.10,agency_margin_tau_0.10,plain_conf_threshold_matched_tau_0.10,plain_conf_threshold_exact_budget_tau_0.10,db10_mixed_to_amputee|S109,S109,ex1,0.4196492585121768,0.6923809523809524,0.6907142857142857,0.0016666666666667052,False,203,4200,3102,0.7385714285714285
db10,db10_mixed_to_amputee,agency_vs_plain_conf_exact_budget,0.10,agency_margin_tau_0.10,plain_conf_threshold_matched_tau_0.10,plain_conf_threshold_exact_budget_tau_0.10,db10_mixed_to_amputee|S110,S110,ex1,0.3954773833523255,0.6523809523809524,0.6511904761904762,0.0011904761904761862,False,203,4200,3275,0.7797619047619048
db10,db10_mixed_to_amputee,agency_vs_plain_conf_exact_budget,0.10,agency_margin_tau_0.10,plain_conf_threshold_matched_tau_0.10,plain_conf_threshold_exact_budget_tau_0.10,db10_mixed_to_amputee|S111,S111,ex1,0.45137447531068947,0.7397619047619047,0.7411904761904762,0.0014285714285714457,False,203,4200,3535,0.8416666666666667
db10,db10_mixed_to_amputee,agency_vs_plain_conf_exact_budget,0.10,agency_margin_tau_0.10,plain_conf_threshold_matched_tau_0.10,plain_conf_threshold_exact_budget_tau_0.10,db10_mixed_to_amputee|S112,S112,ex1,0.386092853480412,0.6676190476190477,0.669047619047619,0.0014285714285713347,False,203,4200,3036,0.7228571428571429
db10,db10_mixed_to_amputee,agency_vs_plain_conf_exact_budget,0.10,agency_margin_tau_0.10,plain_conf_threshold_matched_tau_0.10,plain_conf_threshold_exact_budget_tau_0.10,db10_mixed_to_amputee|S113,S113,ex1,0.364768580928888,0.7792857142857142,0.7802380952380953,0.0009523809523810378,False,203,4200,3567,0.8492857142857143
db10,db10_mixed_to_amputee,agency_vs_plain_conf_exact_budget,0.10,agency_margin_tau_0.10,plain_conf_threshold_matched_tau_0.10,plain_conf_threshold_exact_budget_tau_0.10,db10_mixed_to_amputee|S114,S114,ex1,0.5296967398196445,0.6345238095238095,0.6357142857142857,0.0011904761904761862,False,203,4200,3524,0.839047619047619
db10,db10_mixed_to_amputee,agency_vs_plain_conf_exact_budget,0.10,agency_margin_tau_0.10,plain_conf_threshold_matched_tau_0.10,plain_conf_threshold_exact_budget_tau_0.10,db10_mixed_to_amputee|S115,S115,ex1,0.20878248960385565,0.7814285714285715,0.7454761904761905,0.03595238095238096,False,203,4200,3815,0.9083333333333333
db10,db10_mixed_to_amputee,agency_vs_plain_conf_exact_budget,0.15,agency_margin_tau_0.15,plain_conf_threshold_matched_tau_0.15,plain_conf_threshold_exact_budget_tau_0.15,db10_mixed_to_amputee|S101,S101,ex1,0.43102893660406805,0.6326190476190476,0.6319047619047619,0.0007142857142857784,False,203,4200,2829,0.6735714285714286
db10,db10_mixed_to_amputee,agency_vs_plain_conf_exact_budget,0.15,agency_margin_tau_0.15,plain_conf_threshold_matched_tau_0.15,plain_conf_threshold_exact_budget_tau_0.15,db10_mixed_to_amputee|S102,S102,ex1,0.3708241741831122,0.6985714285714286,0.6980952380952381,0.0004761904761905189,False,203,4200,3139,0.7473809523809524
db10,db10_mixed_to_amputee,agency_vs_plain_conf_exact_budget,0.15,agency_margin_tau_0.15,plain_conf_threshold_matched_tau_0.15,plain_conf_threshold_exact_budget_tau_0.15,db10_mixed_to_amputee|S103,S103,ex1,0.4120938176780353,0.714047619047619,0.7133333333333334,0.0007142857142856673,False,203,4200,3174,0.7557142857142857
db10,db10_mixed_to_amputee,agency_vs_plain_conf_exact_budget,0.15,agency_margin_tau_0.15,plain_conf_threshold_matched_tau_0.15,plain_conf_threshold_exact_budget_tau_0.15,db10_mixed_to_amputee|S104,S104,ex1,0.33085001215468973,0.7385714285714285,0.7383333333333333,0.00023809523809525945,False,203,4200,3119,0.7426190476190476
db10,db10_mixed_to_amputee,agency_vs_plain_conf_exact_budget,0.15,agency_margin_tau_0.15,plain_conf_threshold_matched_tau_0.15,plain_conf_threshold_exact_budget_tau_0.15,db10_mixed_to_amputee|S105,S105,ex1,0.47498848389488924,0.6880952380952381,0.6880952380952381,0.0,True,203,4200,3419,0.814047619047619
db10,db10_mixed_to_amputee,agency_vs_plain_conf_exact_budget,0.15,agency_margin_tau_0.15,plain_conf_threshold_matched_tau_0.15,plain_conf_threshold_exact_budget_tau_0.15,db10_mixed_to_amputee|S106,S106,ex1,0.44821775932523505,0.6676190476190477,0.6685714285714286,0.0009523809523809268,False,203,4200,3084,0.7342857142857143
db10,db10_mixed_to_amputee,agency_vs_plain_conf_exact_budget,0.15,agency_margin_tau_0.15,plain_conf_threshold_matched_tau_0.15,plain_conf_threshold_exact_budget_tau_0.15,db10_mixed_to_amputee|S107,S107,ex1,0.3591661734001056,0.8076190476190476,0.8078571428571428,0.00023809523809525945,False,203,4200,3492,0.8314285714285714
db10,db10_mixed_to_amputee,agency_vs_plain_conf_exact_budget,0.15,agency_margin_tau_0.15,plain_conf_threshold_matched_tau_0.15,plain_conf_threshold_exact_budget_tau_0.15,db10_mixed_to_amputee|S108,S108,ex1,0.386092853480412,0.9030952380952381,0.9002380952380953,0.0028571428571427804,False,203,4200,4200,1.0
db10,db10_mixed_to_amputee,agency_vs_plain_conf_exact_budget,0.15,agency_margin_tau_0.15,plain_conf_threshold_matched_tau_0.15,plain_conf_threshold_exact_budget_tau_0.15,db10_mixed_to_amputee|S109,S109,ex1,0.33904234402085,0.7304761904761905,0.7311904761904762,0.0007142857142856673,False,203,4200,3102,0.7385714285714285
db10,db10_mixed_to_amputee,agency_vs_plain_conf_exact_budget,0.15,agency_margin_tau_0.15,plain_conf_threshold_matched_tau_0.15,plain_conf_threshold_exact_budget_tau_0.15,db10_mixed_to_amputee|S110,S110,ex1,0.30692023251780315,0.7307142857142858,0.7309523809523809,0.00023809523809514843,False,203,4200,3275,0.7797619047619048
db10,db10_mixed_to_amputee,agency_vs_plain_conf_exact_budget,0.15,agency_margin_tau_0.15,plain_conf_threshold_matched_tau_0.15,plain_conf_threshold_exact_budget_tau_0.15,db10_mixed_to_amputee|S111,S111,ex1,0.33904234402085,0.8271428571428572,0.8252380952380952,0.0019047619047619646,False,203,4200,3535,0.8416666666666667
db10,db10_mixed_to_amputee,agency_vs_plain_conf_exact_budget,0.15,agency_margin_tau_0.15,plain_conf_threshold_matched_tau_0.15,plain_conf_threshold_exact_budget_tau_0.15,db10_mixed_to_amputee|S112,S112,ex1,0.33085001215468973,0.7095238095238096,0.7095238095238096,0.0,True,203,4200,3036,0.7228571428571429
db10,db10_mixed_to_amputee,agency_vs_plain_conf_exact_budget,0.15,agency_margin_tau_0.15,plain_conf_threshold_matched_tau_0.15,plain_conf_threshold_exact_budget_tau_0.15,db10_mixed_to_amputee|S113,S113,ex1,0.3149636223121157,0.8145238095238095,0.8169047619047619,0.0023809523809523725,False,203,4200,3567,0.8492857142857143
db10,db10_mixed_to_amputee,agency_vs_plain_conf_exact_budget,0.15,agency_margin_tau_0.15,plain_conf_threshold_matched_tau_0.15,plain_conf_threshold_exact_budget_tau_0.15,db10_mixed_to_amputee|S114,S114,ex1,0.4120938176780353,0.7854761904761904,0.7857142857142857,0.00023809523809525945,False,203,4200,3524,0.839047619047619
db10,db10_mixed_to_amputee,agency_vs_plain_conf_exact_budget,0.15,agency_margin_tau_0.15,plain_conf_threshold_matched_tau_0.15,plain_conf_threshold_exact_budget_tau_0.15,db10_mixed_to_amputee|S115,S115,ex1,0.14132664413225407,0.8783333333333333,0.9083333333333333,0.030000000000000027,False,203,4200,3815,0.9083333333333333
db10,db10_mixed_to_amputee,agency_vs_plain_conf_exact_budget,0.20,agency_margin_tau_0.20,plain_conf_threshold_matched_tau_0.20,plain_conf_threshold_exact_budget_tau_0.20,db10_mixed_to_amputee|S101,S101,ex1,0.3528000623526784,0.6645238095238095,0.6652380952380952,0.0007142857142856673,False,203,4200,2829,0.6735714285714286
db10,db10_mixed_to_amputee,agency_vs_plain_conf_exact_budget,0.20,agency_margin_tau_0.20,plain_conf_threshold_matched_tau_0.20,plain_conf_threshold_exact_budget_tau_0.20,db10_mixed_to_amputee|S102,S102,ex1,0.27400937370191286,0.7335714285714285,0.7342857142857143,0.0007142857142857784,False,203,4200,3139,0.7473809523809524
db10,db10_mixed_to_amputee,agency_vs_plain_conf_exact_budget,0.20,agency_margin_tau_0.20,plain_conf_threshold_matched_tau_0.20,plain_conf_threshold_exact_budget_tau_0.20,db10_mixed_to_amputee|S103,S103,ex1,0.364768580928888,0.7378571428571429,0.7373809523809524,0.0004761904761905189,False,203,4200,3174,0.7557142857142857
db10,db10_mixed_to_amputee,agency_vs_plain_conf_exact_budget,0.20,agency_margin_tau_0.20,plain_conf_threshold_matched_tau_0.20,plain_conf_threshold_exact_budget_tau_0.20,db10_mixed_to_amputee|S104,S104,ex1,0.29019894003064317,0.7421428571428571,0.7421428571428571,0.0,True,203,4200,3119,0.7426190476190476
db10,db10_mixed_to_amputee,agency_vs_plain_conf_exact_budget,0.20,agency_margin_tau_0.20,plain_conf_threshold_matched_tau_0.20,plain_conf_threshold_exact_budget_tau_0.20,db10_mixed_to_amputee|S105,S105,ex1,0.4080472404594067,0.7552380952380953,0.7561904761904762,0.0009523809523809268,False,203,4200,3419,0.814047619047619
db10,db10_mixed_to_amputee,agency_vs_plain_conf_exact_budget,0.20,agency_margin_tau_0.20,plain_conf_threshold_matched_tau_0.20,plain_conf_threshold_exact_budget_tau_0.20,db10_mixed_to_amputee|S106,S106,ex1,0.386092853480412,0.709047619047619,0.7085714285714285,0.0004761904761905189,False,203,4200,3084,0.7342857142857143
db10,db10_mixed_to_amputee,agency_vs_plain_conf_exact_budget,0.20,agency_margin_tau_0.20,plain_conf_threshold_matched_tau_0.20,plain_conf_threshold_exact_budget_tau_0.20,db10_mixed_to_amputee|S107,S107,ex1,0.30692023251780315,0.825952380952381,0.825952380952381,0.0,True,203,4200,3492,0.8314285714285714
db10,db10_mixed_to_amputee,agency_vs_plain_conf_exact_budget,0.20,agency_margin_tau_0.20,plain_conf_threshold_matched_tau_0.20,plain_conf_threshold_exact_budget_tau_0.20,db10_mixed_to_amputee|S108,S108,ex1,0.20878248960385565,0.9997619047619047,0.9997619047619047,0.0,True,203,4200,4200,1.0
db10,db10_mixed_to_amputee,agency_vs_plain_conf_exact_budget,0.20,agency_margin_tau_0.20,plain_conf_threshold_matched_tau_0.20,plain_conf_threshold_exact_budget_tau_0.20,db10_mixed_to_amputee|S109,S109,ex1,0.29801874211057183,0.7371428571428571,0.7373809523809524,0.00023809523809525945,False,203,4200,3102,0.7385714285714285
db10,db10_mixed_to_amputee,agency_vs_plain_conf_exact_budget,0.20,agency_margin_tau_0.20,plain_conf_threshold_matched_tau_0.20,plain_conf_threshold_exact_budget_tau_0.20,db10_mixed_to_amputee|S110,S110,ex1,0.27400937370191286,0.7569047619047619,0.7547619047619047,0.002142857142857113,False,203,4200,3275,0.7797619047619048
db10,db10_mixed_to_amputee,agency_vs_plain_conf_exact_budget,0.20,agency_margin_tau_0.20,plain_conf_threshold_matched_tau_0.20,plain_conf_threshold_exact_budget_tau_0.20,db10_mixed_to_amputee|S111,S111,ex1,0.27400937370191286,0.8383333333333334,0.8388095238095238,0.0004761904761904079,False,203,4200,3535,0.8416666666666667
db10,db10_mixed_to_amputee,agency_vs_plain_conf_exact_budget,0.20,agency_margin_tau_0.20,plain_conf_threshold_matched_tau_0.20,plain_conf_threshold_exact_budget_tau_0.20,db10_mixed_to_amputee|S112,S112,ex1,0.30168691413089416,0.7214285714285714,0.7216666666666667,0.00023809523809525945,False,203,4200,3036,0.7228571428571429
db10,db10_mixed_to_amputee,agency_vs_plain_conf_exact_budget,0.20,agency_margin_tau_0.20,plain_conf_threshold_matched_tau_0.20,plain_conf_threshold_exact_budget_tau_0.20,db10_mixed_to_amputee|S113,S113,ex1,0.27400937370191286,0.8321428571428572,0.8321428571428572,0.0,True,203,4200,3567,0.8492857142857143
db10,db10_mixed_to_amputee,agency_vs_plain_conf_exact_budget,0.20,agency_margin_tau_0.20,plain_conf_threshold_matched_tau_0.20,plain_conf_threshold_exact_budget_tau_0.20,db10_mixed_to_amputee|S114,S114,ex1,0.34635193979940615,0.8269047619047619,0.825952380952381,0.0009523809523809268,False,203,4200,3524,0.839047619047619
db10,db10_mixed_to_amputee,agency_vs_plain_conf_exact_budget,0.20,agency_margin_tau_0.20,plain_conf_threshold_matched_tau_0.20,plain_conf_threshold_exact_budget_tau_0.20,db10_mixed_to_amputee|S115,S115,ex1,0.14132664413225407,0.8897619047619048,0.9083333333333333,0.018571428571428572,False,203,4200,3815,0.9083333333333333

